Mahmoud Abdul-Rauf,SAC,28,31,530,10.5,.405,.114,.059,1.2,6.7,3.9,19.7,1.6,0.1,6.4,25.1,-0.5,0.2,-0.3,-0.025,-3.4,-3.7,-7.1,-0.7
Tariq Abdul-Wahad,SAC,23,59,959,10.1,.456,.053,.350,5.0,8.6,6.7,8.9,1.9,0.9,13.6,22.1,-0.8,0.6,-0.2,-0.008,-4.2,-1.7,-5.9,-0.9
Shareef Abdur-Rahim,VAN,21,82,2950,21.1,.562,.038,.475,8.9,13.8,11.3,13.5,1.6,1.8,13.6,28.4,6.3,0.6,6.9,.113,2.6,-1.4,1.2,2.3
Cory Alexander,TOT,24,60,1298,15.2,.548,.440,.255,1.5,11.7,6.6,28.7,2.9,0.6,20.1,19.8,1.0,1.2,2.2,.081,0.9,-0.8,0.1,0.7
Ray Allen*,MIL,22,82,3287,16.2,.539,.280,.297,4.7,10.4,7.5,19.3,1.8,0.3,15.0,24.3,4.7,2.3,7.0,.102,2.6,-0.8,1.8,3.2
Derek Anderson,CLE,23,66,1839,15.3,.531,.143,.538,3.7,8.7,6.2,21.3,2.5,0.5,15.0,21.4,2.6,2.8,5.3,.139,0.4,0.7,1.0,1.4
Greg Anderson,ATL,33,50,398,10.4,.444,.062,.506,12.0,22.6,17.4,5.9,2.6,1.8,14.7,13.5,0.0,0.7,0.7,.090,-2.8,1.3,-1.6,0.0
Kenny Anderson,TOT,27,61,1858,14.8,.491,.237,.288,2.5,8.4,5.4,31.4,2.5,0.0,15.8,21.8,1.7,2.0,3.7,.096,0.5,-1.1,-0.6,0.7
Nick Anderson,ORL,30,58,1701,19.6,.529,.284,.264,6.6,14.1,10.3,14.1,2.3,1.0,9.2,25.0,3.1,2.1,5.3,.149,3.4,-0.1,3.4,2.3
Shandon Anderson,UTA,24,82,1602,15.7,.586,.064,.370,7.1,10.3,8.8,9.4,2.2,0.8,13.5,19.5,2.9,1.4,4.2,.127,1.2,-0.5,0.7,1.1
Chris Anstey,DAL,23,41,680,13.2,.455,.069,.320,8.5,17.4,12.8,8.7,2.4,2.8,13.5,20.5,-0.2,0.9,0.6,.044,-3.6,0.5,-3.1,-0.2
Greg Anthony,SEA,30,80,1021,16.8,.545,.456,.229,2.1,10.7,6.5,32.1,3.4,0.2,19.1,21.6,1.4,1.3,2.7,.127,1.4,-1.2,0.2,0.6
B.J. Armstrong,TOT,30,66,831,14.6,.555,.164,.235,2.3,8.6,5.5,29.0,1.9,0.0,15.2,15.3,1.6,0.6,2.2,.124,0.2,-2.4,-2.3,-0.1
Darrell Armstrong,ORL,29,48,1236,15.7,.509,.179,.324,6.1,9.2,7.6,33.4,2.6,0.3,20.5,20.2,1.2,1.3,2.5,.096,1.1,0.0,1.1,1.0
Vincent Askew,POR,31,30,443,6.7,.464,.037,.722,5.7,11.9,8.9,12.5,2.3,0.8,33.0,10.9,-0.4,0.6,0.2,.023,-4.8,2.2,-2.6,-0.1
Keith Askins,MIA,30,46,681,5.5,.426,.607,.156,5.0,12.2,8.7,6.4,2.2,1.3,16.6,10.7,-0.3,1.0,0.7,.050,-2.8,1.7,-1.1,0.2
Stacey Augmon,POR,29,71,1445,10.3,.457,.019,.419,8.7,10.2,9.5,9.8,2.1,1.6,15.5,16.3,-0.1,1.9,1.8,.059,-2.8,1.5,-1.3,0.3
Isaac Austin,TOT,28,78,2266,16.3,.512,.009,.417,10.3,18.0,14.2,14.0,1.4,1.7,16.7,25.0,1.2,2.5,3.6,.077,-1.1,0.4,-0.6,0.8
Vin Baker,SEA,26,82,2944,20.4,.564,.006,.452,11.8,14.8,13.3,9.3,1.7,2.2,11.1,24.7,6.9,3.5,10.4,.169,1.9,0.2,2.0,3.0
Charles Barkley*,HOU,34,68,2243,21.6,.564,.113,.534,12.9,28.8,20.9,16.6,1.7,0.9,13.8,21.6,6.1,2.5,8.6,.183,2.8,1.3,4.0,3.4
Dana Barros,BOS,30,80,1686,18.6,.583,.404,.236,1.8,9.6,5.3,28.4,2.5,0.3,13.7,20.0,4.4,1.3,5.6,.160,3.1,-2.4,0.7,1.1
Brent Barry,TOT,26,58,1600,14.3,.558,.453,.265,2.1,10.2,6.1,15.8,2.1,1.1,15.5,18.7,2.1,0.6,2.7,.080,1.2,-1.0,0.2,0.9
Drew Barry,ATL,24,27,256,10.7,.640,.553,.342,2.4,13.3,8.0,29.2,2.1,0.3,40.7,13.3,0.0,0.3,0.3,.058,-1.9,-1.1,-3.1,-0.1
Jon Barry,LAL,28,49,374,13.3,.518,.587,.279,2.5,8.6,5.6,19.7,3.3,0.6,15.9,16.4,0.5,0.4,0.9,.116,0.4,-0.8,-0.4,0.2
Tony Battie,DEN,21,65,1506,13.3,.477,.027,.198,10.5,17.2,13.7,7.6,1.9,3.4,14.7,20.2,-0.3,0.8,0.5,.015,-3.0,-0.4,-3.3,-0.5
Corey Beck,CHH,26,59,738,9.3,.516,.025,.371,4.5,10.2,7.4,20.4,2.4,0.7,27.5,16.0,-0.3,0.7,0.4,.028,-3.2,0.1,-3.1,-0.2
Benoit Benjamin,PHI,33,14,197,12.5,.581,.000,.732,10.4,20.6,15.5,2.5,1.1,1.5,18.1,15.1,0.2,0.2,0.4,.098,-3.1,-1.7,-4.8,-0.1
Mario Bennett,LAL,24,45,354,22.2,.573,.015,.326,19.7,20.6,20.1,9.0,2.8,2.2,12.0,21.8,0.9,0.6,1.5,.201,2.5,0.4,2.9,0.4
David Benoit,TOT,29,77,1123,10.5,.477,.417,.181,5.9,15.6,10.5,3.7,1.7,1.3,10.6,19.4,0.5,1.1,1.6,.067,-1.7,-1.9,-3.7,-0.5
Travis Best,IND,25,82,1547,13.6,.498,.146,.273,2.3,7.0,4.7,29.9,3.0,0.2,17.1,20.0,1.2,2.1,3.3,.103,-0.3,0.0,-0.3,0.7
Chauncey Billups,TOT,21,80,2216,13.6,.516,.434,.355,3.0,7.1,5.0,22.6,2.5,0.1,16.7,20.4,2.1,0.9,3.0,.065,0.8,-2.6,-1.8,0.1
Mookie Blaylock,ATL,30,70,2700,16.1,.462,.356,.143,3.7,10.9,7.4,29.5,3.7,0.5,15.0,20.1,1.9,3.7,5.6,.099,2.2,1.3,3.6,3.8
Corie Blount,LAL,29,70,1029,11.9,.572,.021,.417,12.9,19.7,16.4,5.2,1.4,1.7,18.7,11.7,1.2,1.4,2.6,.120,-1.1,0.6,-0.4,0.4
Muggsy Bogues,TOT,33,61,1570,12.4,.492,.050,.211,2.0,7.1,4.5,33.6,2.2,0.1,22.9,12.7,0.7,1.0,1.7,.053,-2.8,-1.4,-4.1,-0.8
Etdrick Bohannon,IND,24,5,11,-10.3,.000,.000,.000,23.1,41.7,32.8,12.3,0.0,12.9,42.9,30.3,-0.2,0.0,-0.1,-0.520,-23.7,7.8,-15.9,0.0
Keith Booth,CHI,23,6,17,13.8,.579,.167,1.000,13.4,13.5,13.5,9.0,0.0,0.0,25.8,30.7,0.0,0.0,0.0,.107,-2.8,-4.1,-6.9,0.0
Bruce Bowen,BOS,26,61,1305,11.0,.483,.198,.409,6.6,9.4,7.9,9.3,3.4,1.7,12.9,13.4,0.8,1.4,2.2,.081,-1.3,1.5,0.2,0.7
Anthony Bowie,NYK,34,27,224,12.9,.596,.068,.153,4.8,9.2,7.0,8.5,1.5,0.7,10.0,14.6,0.4,0.3,0.7,.148,-0.9,0.2,-0.8,0.1
Shawn Bradley,DAL,25,64,1822,17.7,.463,.004,.253,9.8,22.1,15.8,5.9,1.5,8.2,10.8,22.3,0.0,3.0,2.9,.077,-3.8,2.8,-1.0,0.4
Terrell Brandon,MIL,27,50,1784,20.2,.526,.127,.213,1.6,10.6,6.0,40.0,3.3,0.7,15.3,24.2,3.1,2.0,5.1,.136,3.1,-0.1,3.0,2.2
Tim Breaux,MIL,27,6,30,11.6,.421,.273,.182,0.0,8.2,4.1,11.1,3.5,2.5,7.8,19.6,0.0,0.0,0.0,.028,-3.7,-0.3,-4.1,0.0
Scott Brooks,CLE,32,43,312,13.9,.528,.167,.303,2.4,9.3,5.9,25.3,3.1,0.7,13.8,12.8,0.5,0.5,1.0,.156,-1.1,0.7,-0.4,0.1
Chucky Brown,ATL,29,77,1202,10.5,.472,.022,.234,5.8,11.9,9.0,7.7,1.0,0.8,11.1,17.8,0.5,0.9,1.4,.056,-2.9,-1.5,-4.4,-0.7
Dee Brown,TOT,29,72,1719,14.2,.555,.482,.126,1.5,9.1,5.1,14.8,2.5,1.0,11.0,16.9,2.6,0.8,3.4,.095,1.1,-1.9,-0.8,0.5
P.J. Brown,MIA,28,74,2362,15.0,.522,.000,.334,12.1,19.2,15.8,7.2,1.5,3.0,12.5,15.3,3.5,4.0,7.5,.152,-0.5,2.9,2.4,2.6
Randy Brown,CHI,29,71,1147,10.1,.428,.017,.258,3.4,6.0,4.7,19.6,3.3,0.8,15.8,15.6,-0.1,1.9,1.8,.075,-3.2,1.1,-2.1,0.0
Rick Brunson,POR,25,38,622,9.6,.481,.433,.440,2.7,7.6,5.2,24.8,2.1,0.4,23.6,16.0,-0.1,0.7,0.6,.048,-2.3,-1.0,-3.3,-0.2
Kobe Bryant,LAL,19,79,2056,18.5,.548,.241,.501,4.5,8.7,6.7,16.0,1.8,1.3,12.4,27.2,4.5,1.8,6.3,.147,1.9,-1.7,0.2,1.1
Mark Bryant,PHO,32,70,1110,10.2,.545,.004,.422,9.9,15.6,12.8,6.0,1.7,1.0,17.9,13.3,1.0,1.6,2.5,.109,-2.1,1.0,-1.1,0.2
Jud Buechler,CHI,29,74,608,14.1,.554,.369,.034,4.5,10.0,7.3,12.8,2.0,1.8,10.5,14.7,1.0,0.9,1.9,.151,0.2,0.6,0.7,0.4
Matt Bullard,HOU,30,67,1190,13.8,.581,.594,.069,2.5,11.9,7.3,8.5,1.4,1.4,8.9,16.8,2.0,0.5,2.5,.102,1.4,-1.7,-0.3,0.5
Scott Burrell,CHI,27,80,1096,15.7,.516,.384,.171,8.3,12.4,10.3,9.5,3.1,2.5,11.0,18.5,1.5,2.2,3.7,.163,0.9,1.8,2.8,1.3
Willie Burton,SAS,29,13,43,21.4,.514,.429,.571,8.6,15.1,12.1,4.3,2.5,3.3,3.7,29.8,0.1,0.1,0.2,.229,2.1,-2.2,-0.1,0.0
Mitchell Butler,CLE,27,18,206,4.8,.360,.128,.213,3.6,9.4,6.6,13.7,2.1,0.0,13.5,13.3,-0.2,0.3,0.1,.016,-5.0,0.6,-4.4,-0.1
Jason Caffey,TOT,24,80,1423,13.9,.526,.004,.429,12.2,14.6,13.4,8.0,0.9,1.0,15.9,20.4,1.2,1.6,2.7,.093,-1.4,-0.7,-2.1,0.0
Michael Cage,NJN,36,79,1201,10.1,.531,.012,.429,10.4,19.9,14.8,3.6,2.0,2.7,18.7,4.4,1.1,1.4,2.5,.100,-1.9,2.9,0.9,0.9
Adrian Caldwell,DAL,31,1,3,0.0,0,0,0,0.0,0.0,0.0,0.0,0.0,0.0,0,0.0,0.0,0.0,0.0,-0.022,-7.3,-0.6,-7.9,0.0
Marcus Camby,TOR,23,63,2002,15.9,.448,.003,.327,10.9,15.3,13.0,9.4,1.8,7.9,13.6,21.6,-0.6,1.5,0.9,.022,-2.9,2.2,-0.7,0.7
Elden Campbell,LAL,29,81,1784,16.4,.527,.003,.548,9.3,19.3,14.4,6.9,1.0,4.0,12.9,22.0,2.3,2.4,4.7,.126,-2.1,0.3,-1.8,0.1
Antoine Carr,UTA,36,66,1086,9.8,.513,.000,.302,5.1,9.6,7.5,7.2,0.5,3.7,11.5,17.8,0.8,0.7,1.5,.068,-2.4,-0.4,-2.8,-0.2
Chris Carr,MIN,23,51,1165,11.6,.509,.281,.219,4.2,10.8,7.6,11.6,0.8,0.7,12.2,21.5,0.7,0.4,1.1,.046,-0.7,-2.5,-3.2,-0.3
Sam Cassell,NJN,28,75,2606,21.0,.533,.069,.439,3.0,7.4,5.1,40.4,2.4,0.6,16.3,27.5,6.6,1.7,8.3,.152,4.1,-1.5,2.6,3.0
Kelvin Cato,POR,23,74,1007,13.3,.496,.013,.546,10.9,17.9,14.6,3.6,1.5,6.8,13.4,14.7,0.7,2.0,2.7,.129,-3.5,3.2,-0.3,0.4
Duane Causwell,MIA,29,37,363,9.2,.443,.000,.292,9.7,21.9,16.0,2.2,1.1,5.4,15.2,15.2,-0.2,0.7,0.5,.069,-6.2,1.6,-4.6,-0.2
Cedric Ceballos,TOT,28,47,990,19.3,.560,.169,.349,8.8,16.8,12.8,11.0,1.8,1.1,13.1,25.3,1.6,1.2,2.8,.138,1.0,-1.0,0.0,0.5
Tom Chambers,PHI,38,1,10,31.5,1.042,.000,1.000,0.0,23.2,11.5,0.0,10.6,0.0,25.8,17.4,0.0,0.0,0.1,.369,3.1,3.1,6.2,0.0
Rex Chapman,PHO,30,68,2263,14.4,.521,.325,.196,1.6,7.2,4.5,14.8,1.6,0.4,10.0,23.1,2.4,2.1,4.5,.095,1.0,-1.5,-0.5,0.8
Calbert Cheaney,WAS,26,82,2841,11.7,.488,.054,.219,3.2,10.0,6.5,9.8,1.8,0.9,8.8,18.4,1.6,2.5,4.1,.069,-1.5,0.1,-1.3,0.5
Pete Chilcutt,VAN,29,82,1420,12.6,.526,.362,.164,6.3,18.5,12.4,11.3,1.9,1.8,13.9,14.0,1.2,0.8,2.0,.067,-0.4,0.0,-0.5,0.5
Chris Childs,NYK,30,68,1599,11.6,.524,.246,.356,2.2,10.0,6.1,26.6,1.9,0.3,20.1,15.0,1.4,2.3,3.7,.110,-1.1,0.6,-0.6,0.6
Doug Christie,TOR,27,78,2939,16.2,.530,.287,.305,3.5,12.3,7.7,16.3,3.4,1.3,15.8,21.5,2.4,1.6,4.0,.066,1.2,-0.3,0.8,2.1
Keith Closs,LAC,21,58,740,14.0,.482,.000,.372,9.6,16.3,12.9,4.2,0.8,7.3,13.6,16.7,0.1,0.5,0.6,.041,-4.2,1.0,-3.3,-0.2
Derrick Coleman,PHI,30,59,2135,17.5,.500,.113,.451,8.0,23.8,15.8,12.3,1.1,2.4,13.1,25.2,1.8,2.7,4.4,.100,-0.6,0.4,-0.2,1.0
Bimbo Coles,GSW,29,53,1471,10.4,.444,.130,.201,1.2,7.9,4.5,27.9,1.8,0.6,15.7,16.8,-0.1,1.0,0.9,.029,-2.7,-1.1,-3.8,-0.7
James Collins,LAC,24,23,103,15.3,.482,.364,.255,7.7,7.8,7.7,5.4,3.0,2.0,11.6,29.8,0.0,0.0,0.0,.008,-1.1,-4.1,-5.2,-0.1
Marty Conlon,MIA,30,18,209,17.2,.541,.000,.710,9.3,16.3,12.9,9.8,2.4,1.7,11.9,20.6,0.4,0.4,0.8,.177,-0.9,0.9,0.0,0.1
Tyrone Corbin,ATL,35,79,2699,12.0,.502,.189,.171,3.5,12.0,7.9,10.6,2.1,0.2,9.7,15.3,2.9,2.7,5.5,.098,0.2,0.5,0.7,1.8
James Cotton,SEA,22,9,33,12.5,.481,.190,.429,7.4,14.2,10.9,0.0,1.6,2.3,19.4,43.5,-0.1,0.0,-0.1,-0.104,-11.2,-9.3,-20.5,-0.2
Chris Crawford,ATL,22,40,256,20.4,.536,.027,.618,9.5,9.3,9.4,6.4,2.6,1.9,11.4,28.6,0.6,0.3,0.9,.170,-0.4,-2.5,-2.9,-0.1
Austin Croshere,IND,22,26,243,7.7,.412,.151,.163,5.2,16.5,11.1,5.4,2.0,1.5,12.4,20.6,-0.4,0.4,0.0,.003,-5.4,0.2,-5.2,-0.2
John Crotty,POR,28,26,379,7.0,.457,.222,.378,1.3,8.3,4.9,25.5,1.4,0.2,28.6,17.6,-0.4,0.3,-0.1,-0.013,-5.4,-1.8,-7.2,-0.5
Terry Cummings,TOT,36,74,1185,13.7,.496,.002,.229,9.5,18.6,14.0,7.3,1.7,0.6,9.8,20.2,0.9,1.6,2.6,.103,-2.0,-0.6,-2.7,-0.2
William Cunningham,TOT,23,7,39,9.3,.444,.000,.000,13.6,14.5,15.3,3.9,2.8,0.0,0.0,10.7,0.1,0.1,0.1,.131,-0.5,-0.5,-1.1,0.0
Bill Curley,MIN,25,11,146,7.8,.495,.030,.091,8.6,13.1,10.9,4.0,1.1,0.5,8.0,11.4,0.1,0.1,0.2,.068,-2.4,-1.4,-3.8,-0.1
Dell Curry,CHH,33,52,971,15.1,.536,.334,.120,3.3,9.2,6.3,12.9,1.7,0.3,10.6,24.3,1.0,0.7,1.7,.085,1.2,-2.7,-1.5,0.1
Michael Curry,MIL,29,82,1978,9.1,.548,.022,.421,1.6,4.5,3.0,10.9,1.5,0.5,13.5,13.2,2.1,0.9,2.9,.071,-1.8,-1.1,-2.9,-0.5
Erick Dampier,GSW,22,82,2656,14.0,.502,.003,.504,10.6,18.3,14.4,6.1,0.8,3.6,15.3,18.7,1.1,2.9,4.0,.072,-2.5,1.4,-1.1,0.6
Antonio Daniels,VAN,22,74,1956,9.9,.465,.095,.310,1.3,7.1,4.2,26.6,1.5,0.4,20.8,17.9,-0.9,-0.4,-1.3,-0.032,-3.1,-3.2,-6.2,-2.1
Lloyd Daniels,TOR,30,6,82,13.5,.509,.310,.345,5.3,4.3,4.8,8.2,1.9,1.7,10.7,20.0,0.1,0.0,0.1,.040,-1.1,-4.0,-5.1,-0.1
Yinka Dare,NJN,25,10,60,4.5,.279,.000,.444,18.1,14.4,16.4,2.4,0.0,2.5,8.5,17.0,-0.1,0.0,-0.1,-0.051,-6.3,-3.0,-9.4,-0.1
Antonio Davis,IND,29,82,2191,15.3,.558,.006,.754,11.1,19.2,15.4,4.5,1.1,2.3,12.8,17.5,3.8,3.6,7.4,.162,-0.4,1.3,1.0,1.6
Ben Davis,NYK,25,7,13,7.7,.200,.000,.000,55.2,0.0,27.7,0.0,4.2,0.0,0.0,36.1,-0.1,0.0,0.0,-0.127,-6.0,-10.5,-16.4,0.0
Dale Davis,IND,28,78,2174,15.2,.546,.000,.345,13.6,19.9,16.9,5.3,1.3,2.8,11.3,14.2,3.4,3.8,7.1,.158,0.4,2.7,3.1,2.8
Emanual Davis,HOU,29,45,599,9.2,.581,.507,.261,2.0,7.2,4.6,15.4,1.5,0.4,24.7,15.9,0.2,0.1,0.3,.022,-1.8,-2.4,-4.2,-0.3
Hubert Davis,DAL,27,81,2378,12.5,.549,.300,.151,1.6,6.5,4.0,11.4,1.0,0.1,9.7,17.4,3.1,0.3,3.4,.068,0.0,-2.7,-2.7,-0.4
Mark Davis,PHI,24,71,906,10.9,.489,.025,.414,8.1,12.0,10.0,13.5,2.9,1.5,24.0,18.8,-0.8,1.0,0.2,.010,-3.4,0.9,-2.5,-0.1
Terry Davis,WAS,30,74,1705,10.5,.524,.004,.465,13.5,18.7,16.0,2.5,1.3,1.0,15.4,9.5,1.8,1.9,3.6,.103,-2.0,0.4,-1.7,0.1
Todd Day,MIA,28,5,69,14.8,.429,.387,.290,7.0,3.3,5.1,18.1,5.5,0.0,7.9,25.7,0.0,0.1,0.1,.102,1.3,0.0,1.3,0.1
Andrew DeClercq,BOS,24,81,1523,13.2,.530,.003,.494,12.8,18.0,15.2,5.9,2.9,2.5,16.9,14.1,1.4,2.1,3.4,.108,-1.6,1.7,0.1,0.8
Terry Dehere,SAC,26,77,1410,10.8,.494,.293,.220,1.6,6.9,4.2,22.4,1.9,0.2,16.3,18.6,0.3,0.7,1.0,.035,-1.7,-2.4,-4.2,-0.8
Vinny Del Negro,SAS,31,54,1721,11.1,.493,.081,.194,0.9,8.8,5.1,17.5,1.2,0.2,9.3,15.6,1.6,2.1,3.7,.104,-1.4,0.3,-1.0,0.4
Bison Dele,DET,28,78,2619,18.1,.542,.003,.269,10.1,21.6,15.8,7.0,1.4,1.6,13.5,23.9,3.2,3.7,6.9,.126,-0.4,0.0,-0.4,1.1
Tony Delk,TOT,24,77,1681,13.1,.452,.197,.189,2.3,8.8,5.5,19.3,2.3,0.5,11.2,25.3,-0.6,1.3,0.8,.022,-1.3,-1.4,-2.7,-0.3
Vlade Divac,CHH,29,64,1805,19.4,.539,.026,.351,12.4,22.2,17.3,15.8,2.5,3.8,15.6,18.8,2.9,3.0,5.9,.157,1.4,3.8,5.2,3.3
Sherman Douglas,NJN,31,80,1699,15.6,.541,.089,.334,3.3,6.0,4.6,30.4,1.7,0.3,15.7,17.9,3.3,0.7,4.0,.112,1.1,-2.5,-1.4,0.3
Clyde Drexler*,HOU,35,70,2473,19.8,.531,.315,.327,5.1,11.4,8.3,27.6,2.7,1.2,13.5,25.7,5.0,1.8,6.8,.133,4.0,0.1,4.1,3.8
Chris Dudley,NYK,32,51,858,9.5,.428,.000,.643,15.0,23.5,19.2,3.7,0.8,4.6,19.3,12.4,-0.3,1.7,1.5,.084,-4.7,3.1,-1.6,0.1
Joe Dumars*,DET,34,72,2326,14.3,.549,.539,.195,0.7,4.6,2.7,18.9,1.0,0.1,8.9,18.9,4.8,1.2,5.9,.122,2.9,-3.1,-0.2,1.0
Tony Dumas,CLE,25,7,47,5.4,.526,.333,.250,2.7,10.3,6.5,18.3,0.0,0.0,27.3,18.0,-0.1,0.0,0.0,-0.030,-4.8,-2.4,-7.1,-0.1
Tim Duncan,SAS,21,82,3204,22.6,.577,.008,.375,10.5,23.8,17.6,13.7,0.9,4.5,15.7,26.0,5.6,7.2,12.8,.192,1.8,3.7,5.5,6.0
Ledell Eackles,WAS,31,42,547,12.2,.542,.263,.337,5.0,10.7,7.8,4.6,1.6,0.0,12.6,18.7,0.6,0.4,1.0,.088,-1.6,-2.3,-4.0,-0.3
Tyus Edney,BOS,24,52,623,17.8,.523,.046,.514,3.5,7.2,5.2,36.3,4.2,0.1,19.9,23.0,0.8,0.7,1.4,.112,-0.2,-1.6,-1.8,0.0
Blue Edwards,VAN,32,81,1968,14.5,.521,.162,.290,3.6,9.1,6.3,17.2,2.3,1.0,13.8,21.9,1.8,0.3,2.1,.052,0.1,-1.8,-1.7,0.1
Kevin Edwards,TOT,32,39,487,9.5,.416,.091,.212,4.6,8.6,6.5,12.9,2.8,0.1,14.3,19.2,-0.3,0.4,0.1,.009,-3.5,-0.6,-4.1,-0.3
Howard Eisley,UTA,25,82,1726,13.6,.541,.227,.287,1.9,9.5,6.0,32.1,1.7,0.6,21.5,20.0,1.7,1.2,2.9,.081,0.2,-1.8,-1.6,0.2
Mario Elie,HOU,34,73,1988,12.9,.575,.414,.382,2.3,6.9,4.6,17.4,2.1,0.3,15.8,14.4,3.2,0.6,3.8,.092,0.8,-1.2,-0.4,0.8
Sean Elliott,SAS,29,36,1012,9.5,.495,.297,.257,1.9,11.6,7.1,10.0,1.3,1.0,14.5,18.3,-0.1,1.5,1.4,.065,-2.2,0.7,-1.5,0.1
Dale Ellis,SEA,37,79,1939,16.6,.612,.391,.203,3.2,8.1,5.7,7.7,1.7,0.2,8.8,20.0,4.6,1.4,6.0,.149,2.8,-2.3,0.5,1.2
Harold Ellis,DEN,27,27,344,18.1,.591,.036,.568,9.0,8.1,8.6,10.5,3.0,0.9,12.0,20.9,0.8,0.1,0.9,.119,1.4,-2.1,-0.8,0.1
LaPhonso Ellis,DEN,27,76,2575,14.4,.484,.200,.254,6.5,18.8,12.5,15.9,1.4,1.4,13.4,22.9,0.7,0.7,1.4,.025,-0.5,-1.2,-1.7,0.2
Pervis Ellison,BOS,30,33,447,13.1,.589,.000,.486,12.6,16.4,14.4,10.3,2.3,5.4,24.8,10.9,0.4,0.6,1.1,.113,-1.6,3.7,2.1,0.5
Brian Evans,TOT,24,72,893,12.0,.476,.279,.183,6.2,12.0,9.0,10.5,1.8,1.1,10.1,18.9,0.7,0.8,1.5,.081,-1.0,-0.9,-1.9,0.0
Patrick Ewing*,NYK,35,26,848,23.3,.557,.005,.462,8.3,29.3,18.8,6.8,1.0,5.3,13.7,31.1,1.0,2.0,3.0,.168,-1.8,1.6,-0.2,0.4
Tony Farmer,CHH,28,27,169,13.9,.477,.170,.736,11.5,11.3,11.4,4.6,3.2,1.7,11.4,21.7,0.2,0.2,0.4,.109,-1.7,-1.0,-2.7,0.0
Jamie Feick,MIL,23,45,450,12.1,.472,.144,.456,12.1,21.6,16.8,5.5,3.0,2.8,16.3,13.1,0.1,0.7,0.9,.091,-2.5,2.1,-0.4,0.2
Duane Ferrell,GSW,32,50,461,6.4,.389,.054,.198,5.6,5.2,5.4,9.0,2.4,0.9,13.0,13.1,-0.4,0.3,0.0,-0.004,-5.0,0.4,-4.6,-0.3
Danny Ferry,CLE,31,69,1034,7.5,.479,.346,.140,2.8,10.6,6.8,9.5,1.3,1.2,14.9,15.9,-0.4,1.4,1.0,.049,-3.2,0.2,-3.0,-0.3
Michael Finley,DAL,24,82,3394,19.3,.522,.162,.276,4.8,9.6,7.2,22.7,2.1,0.6,11.5,25.7,5.5,2.0,7.5,.106,3.2,-0.8,2.4,3.7
Derek Fisher,LAL,23,82,1760,12.9,.533,.214,.402,2.5,9.7,6.2,27.0,2.2,0.2,21.1,14.1,2.2,1.6,3.8,.104,-0.5,-0.8,-1.3,0.3
Danny Fortson,DEN,21,80,1811,14.3,.537,.005,.555,11.5,17.8,14.6,8.0,1.3,1.2,17.1,23.1,1.5,0.4,1.9,.051,-1.7,-2.6,-4.3,-1.0
Greg Foster,UTA,29,78,1446,8.9,.483,.022,.208,7.8,15.2,11.7,5.6,0.6,1.5,13.0,16.8,0.3,1.0,1.3,.045,-2.8,-1.1,-3.9,-0.7
Rick Fox,LAL,28,82,2709,12.5,.564,.344,.298,3.3,11.4,7.5,15.5,1.9,1.2,18.7,17.5,2.5,2.8,5.3,.093,0.7,0.6,1.3,2.2
Adonal Foyle,GSW,22,55,656,9.2,.418,.006,.365,11.5,18.6,15.0,3.5,1.0,5.4,20.2,16.4,-1.0,0.9,-0.1,-0.009,-6.9,1.6,-5.4,-0.6
Todd Fuller,GSW,23,57,613,11.8,.473,.020,.390,10.3,24.2,17.1,2.8,0.5,1.8,13.3,19.7,0.0,0.7,0.7,.053,-5.7,-2.3,-8.0,-0.9
Lawrence Funderburke,SAC,27,52,1094,16.2,.534,.018,.415,8.0,16.0,11.9,10.0,0.9,0.9,11.8,21.3,1.4,0.7,2.1,.092,-1.1,-1.5,-2.6,-0.2
Chris Garner,TOR,22,38,293,5.6,.363,.200,.100,2.6,6.8,4.6,23.1,3.7,0.9,25.5,14.7,-0.5,0.1,-0.4,-0.069,-5.8,-1.9,-7.7,-0.4
Kevin Garnett,MIN,21,82,3222,20.4,.527,.012,.257,7.9,19.7,13.9,18.2,2.2,3.3,11.8,22.5,5.3,4.2,9.6,.143,1.9,2.9,4.8,5.5
Dean Garrett,DEN,31,82,2632,12.1,.465,.000,.312,9.9,19.2,14.4,5.8,1.2,3.8,11.6,12.6,1.2,1.1,2.2,.041,-2.8,0.9,-1.9,0.1
Kiwane Garris,DEN,23,28,225,8.7,.447,.215,.385,1.5,8.6,5.0,21.4,1.7,0.3,16.5,18.4,-0.1,0.0,-0.1,-0.030,-4.2,-4.1,-8.2,-0.4
Chris Gatling,NJN,30,57,1359,16.0,.496,.007,.486,9.4,19.7,14.2,6.7,2.0,1.6,13.0,24.3,0.9,1.5,2.4,.084,-1.7,-0.7,-2.4,-0.1
Reggie Geary,SAS,24,62,685,6.8,.392,.237,.331,3.4,7.6,5.6,16.6,2.9,1.2,17.8,16.1,-0.9,1.2,0.3,.023,-4.3,1.5,-2.8,-0.1
Matt Geiger,CHH,28,78,1839,20.2,.544,.016,.333,13.0,21.1,17.1,7.6,2.0,3.5,12.0,23.2,3.2,2.7,5.9,.154,0.4,0.8,1.2,1.5
Kendall Gill,NJN,29,81,2733,14.9,.486,.104,.336,4.5,12.6,8.3,11.9,3.0,1.7,10.0,19.8,2.9,3.0,5.9,.104,0.3,1.6,1.8,2.6
Armen Gilliam,MIL,33,82,2114,16.4,.560,.006,.493,8.4,17.1,12.7,8.5,1.6,1.3,15.2,20.9,3.1,2.1,5.3,.119,-0.5,-0.2,-0.8,0.7
Anthony Goldwire,DEN,26,82,2212,13.6,.523,.258,.292,2.1,5.9,3.9,22.5,2.1,0.2,10.6,16.5,3.3,-0.4,3.0,.064,0.4,-3.3,-2.9,-0.5
Greg Graham,CLE,27,6,56,2.1,.621,.250,.167,0.0,2.2,1.1,18.3,1.0,0.0,43.7,18.9,-0.2,0.0,-0.1,-0.096,-8.0,-3.6,-11.5,-0.1
Brian Grant,POR,25,61,1921,16.7,.561,.002,.409,12.4,20.9,16.8,7.7,1.2,1.7,14.3,18.1,3.3,3.0,6.3,.157,0.1,1.2,1.3,1.6
Gary Grant,POR,32,22,359,16.1,.529,.204,.151,2.7,12.5,7.8,38.5,2.5,0.4,19.5,15.5,0.6,0.5,1.1,.147,0.0,-0.5,-0.5,0.1
Harvey Grant,WAS,32,65,895,7.5,.406,.031,.153,7.4,14.2,10.7,6.3,1.3,1.2,11.1,11.7,-0.2,0.9,0.7,.037,-4.3,0.4,-3.9,-0.4
Horace Grant,ORL,32,76,2803,15.4,.488,.008,.232,9.4,16.8,13.0,11.0,1.6,2.0,8.5,16.9,3.6,3.6,7.1,.122,0.2,2.1,2.4,3.1
Ed Gray,ATL,22,30,472,13.0,.492,.228,.322,2.3,8.7,5.6,12.8,1.7,1.6,11.5,25.6,0.4,0.4,0.8,.083,-1.2,-2.4,-3.6,-0.2
Jeff Grayer,TOT,32,5,34,2.7,.455,.545,.000,0.0,12.9,6.3,9.3,3.1,0.0,26.7,19.7,-0.1,0.0,-0.1,-0.111,-7.0,-1.7,-8.7,-0.1
A.C. Green,DAL,34,82,2649,12.8,.496,.007,.303,9.0,19.3,14.0,7.3,1.6,0.7,10.1,11.6,2.8,2.4,5.2,.095,-1.7,1.0,-0.7,0.9
Litterial Green,MIL,27,21,124,5.4,.393,.087,.870,1.0,6.0,3.4,18.7,1.7,0.0,20.1,14.6,-0.1,0.1,-0.1,-0.024,-6.0,-2.6,-8.6,-0.2
Derek Grimm,SAC,23,9,34,7.9,.470,.857,.143,0.0,13.4,6.5,0.0,4.6,2.0,16.8,23.4,-0.1,0.1,0.0,-0.012,-4.3,-2.7,-6.9,0.0
Tom Gugliotta,MIN,28,41,1582,20.5,.561,.027,.351,7.7,17.8,12.8,17.9,2.0,1.0,12.9,23.6,3.4,1.5,5.0,.151,2.7,0.8,3.6,2.2
Jack Haley,NJN,34,16,51,7.2,.404,.056,1.167,10.7,24.2,17.0,0.0,0.0,1.5,12.8,26.6,-0.1,0.0,0.0,-0.034,-9.7,-8.4,-18.1,-0.2
Darvin Ham,WAS,24,71,635,9.2,.531,.000,.712,12.5,10.9,11.7,3.6,1.7,2.8,21.3,12.1,0.2,0.7,0.9,.069,-2.9,0.9,-2.0,0.0
Tom Hammonds,MIN,30,57,1140,12.1,.569,.004,.537,10.1,16.9,13.5,4.6,0.7,1.1,13.6,13.7,1.7,0.7,2.4,.102,-1.3,-1.1,-2.4,-0.1
Reggie Hanson,BOS,29,8,26,6.9,.500,.000,.000,12.5,14.9,13.6,5.9,4.0,3.0,33.3,15.0,0.0,0.0,0.0,.001,-5.3,2.4,-2.8,0.0
Anfernee Hardaway,ORL,26,19,625,15.9,.479,.183,.432,1.5,13.1,7.2,20.4,2.5,1.7,12.4,27.2,0.3,0.8,1.1,.085,-0.2,0.3,0.2,0.3
Tim Hardaway,MIA,31,81,3031,20.6,.530,.341,.254,1.9,9.4,5.8,41.3,2.4,0.4,13.5,25.6,7.9,3.8,11.7,.185,5.1,-0.5,4.6,5.1
Derek Harper,ORL,36,66,1761,11.5,.491,.303,.146,1.5,5.5,3.4,23.2,2.3,0.4,14.9,17.6,0.9,1.5,2.3,.063,-0.5,-1.3,-1.8,0.1
Ron Harper,CHI,34,82,2284,14.7,.503,.126,.325,5.3,9.2,7.3,16.4,2.5,1.5,10.7,16.7,3.4,3.7,7.2,.151,0.4,1.9,2.3,2.5
Othella Harrington,HOU,24,58,903,13.7,.547,.004,.459,9.7,17.4,13.6,4.4,0.6,2.1,12.8,18.4,1.3,0.5,1.7,.092,-2.4,-1.9,-4.4,-0.5
Lucious Harris,NJN,27,50,671,10.4,.475,.220,.311,3.4,5.7,4.5,9.4,3.3,0.6,9.5,14.4,0.6,0.5,1.1,.080,-1.0,0.1,-1.0,0.2
Hersey Hawkins,SEA,31,82,2597,15.4,.594,.473,.321,3.3,11.9,7.7,12.8,3.0,0.5,12.3,14.8,5.3,3.3,8.6,.158,2.4,1.2,3.6,3.7
Alan Henderson,ATL,25,69,2000,18.4,.534,.008,.515,12.2,13.8,13.0,6.7,1.1,1.3,10.6,23.9,4.2,1.8,6.0,.144,0.9,-1.7,-0.8,0.6
Cedric Henderson,CLE,22,82,2527,10.7,.514,.006,.262,3.5,12.2,7.9,11.6,2.0,1.4,16.9,17.8,-0.2,4.0,3.8,.072,-2.6,2.2,-0.5,1.0
Mark Hendrickson,SAC,23,48,737,9.4,.468,.034,.383,4.9,17.0,10.8,8.3,1.8,0.8,15.1,12.4,0.0,0.7,0.8,.049,-4.3,0.6,-3.7,-0.3
Steve Henson,DET,29,23,65,14.1,.619,.308,.269,0.0,3.7,1.8,11.9,0.8,0.0,17.1,25.1,0.1,0.0,0.1,.098,-0.6,-5.6,-6.1,-0.1
Carl Herrera,SAS,31,58,516,8.1,.437,.006,.251,5.7,14.1,10.2,7.3,2.0,1.6,16.4,21.1,-0.9,0.9,0.1,.006,-6.1,0.7,-5.4,-0.4
Sean Higgins,POR,29,2,12,-15.1,.000,.400,.000,0.0,0.0,0.0,0.0,8.9,0.0,16.7,22.6,-0.1,0.0,-0.1,-0.414,-16.8,2.7,-14.1,0.0
Grant Hill*,DET,25,81,3294,21.2,.520,.015,.475,3.3,19.3,11.3,31.5,2.4,1.2,14.8,27.3,5.2,5.1,10.2,.149,2.4,2.4,4.8,5.6
Tyrone Hill,MIL,29,57,2064,13.6,.538,.002,.610,12.4,23.6,18.0,6.8,1.7,1.1,16.7,14.1,2.2,2.6,4.8,.113,-0.4,1.6,1.2,1.6
Fred Hoiberg,IND,25,65,874,11.2,.517,.383,.311,2.0,14.3,8.5,8.1,2.5,0.2,8.0,14.9,0.9,1.4,2.3,.127,-0.5,1.1,0.5,0.6
Jerald Honeycutt,MIL,23,38,530,11.8,.497,.348,.262,6.2,15.3,10.7,11.1,2.0,0.8,16.6,25.4,-0.2,0.5,0.3,.029,-1.5,-1.8,-3.3,-0.2
Jeff Hornacek,UTA,34,80,2460,19.3,.587,.153,.389,3.5,9.7,6.8,23.9,2.4,0.5,12.0,20.8,7.4,2.1,9.5,.186,4.0,-0.3,3.7,3.5
Robert Horry,LAL,27,72,2192,14.4,.542,.221,.402,9.8,17.9,14.0,10.6,2.6,3.0,16.7,11.9,3.0,3.6,6.6,.144,0.9,3.8,4.8,3.7
Allan Houston,NYK,26,82,2848,15.1,.530,.167,.262,1.8,9.8,5.8,14.3,1.2,0.7,12.3,26.7,2.5,3.5,6.1,.102,0.1,-0.6,-0.4,1.1
Juwan Howard,WAS,24,64,2559,15.2,.515,.002,.361,6.9,13.2,10.0,13.6,1.7,0.6,13.9,23.2,2.1,2.4,4.6,.086,-0.1,0.3,0.2,1.5
Stephen Howard,SEA,27,13,53,9.8,.432,.000,.857,13.8,13.3,13.5,9.1,3.0,1.4,17.2,30.5,-0.1,0.1,0.0,-0.020,-5.9,-1.6,-7.5,-0.1
Troy Hudson,UTA,21,8,23,19.1,.429,.214,.000,5.8,5.1,5.4,35.1,4.7,0.0,6.7,30.2,0.0,0.0,0.0,.075,2.7,-1.8,1.0,0.0
Lindsey Hunter,DET,27,71,2505,12.4,.472,.321,.237,2.9,8.9,5.9,15.1,2.7,0.3,10.8,19.0,1.2,2.8,4.0,.077,0.3,0.4,0.7,1.7
Bobby Hurley,TOT,26,61,875,9.0,.461,.092,.319,1.5,7.1,4.3,31.2,1.4,0.0,24.1,18.2,-0.6,0.0,-0.5,-0.029,-4.4,-4.1,-8.5,-1.4
Zydrunas Ilgauskas,CLE,22,82,2379,19.7,.564,.005,.345,14.6,22.6,18.6,5.7,1.2,4.3,12.6,22.4,4.5,4.9,9.4,.189,0.3,1.7,2.0,2.4
Allen Iverson*,PHI,22,80,3150,20.4,.535,.167,.380,3.1,7.7,5.4,30.6,3.0,0.6,12.9,26.9,6.3,2.8,9.0,.138,4.5,-0.7,3.8,4.6
Bobby Jackson,DEN,24,68,2042,13.6,.453,.102,.231,4.4,13.3,8.7,29.5,2.8,0.4,17.4,23.5,-1.3,0.7,-0.6,-0.014,-1.2,-1.0,-2.2,-0.1
Jaren Jackson,SAS,30,82,2226,9.7,.511,.454,.180,3.0,7.6,5.4,11.4,1.5,0.3,12.8,17.1,1.3,2.8,4.1,.088,-0.2,0.0,-0.1,1.0
Jim Jackson,TOT,27,79,3046,13.2,.504,.173,.255,4.7,10.1,7.3,22.3,1.4,0.2,17.6,21.7,0.8,1.7,2.5,.039,0.2,-0.9,-0.6,1.1
Mark Jackson,IND,32,82,2413,17.2,.501,.229,.301,3.5,12.1,8.0,46.7,1.9,0.1,20.4,16.8,4.4,3.1,7.5,.150,1.8,-0.1,1.7,2.3
Henry James,CLE,32,28,166,10.6,.582,.424,.373,1.5,9.5,5.5,5.3,0.3,0.5,14.9,22.4,0.2,0.2,0.3,.101,-1.9,-3.6,-5.4,-0.1
Anthony Johnson,SAC,23,77,2266,8.6,.437,.210,.181,2.4,6.0,4.2,22.3,1.5,0.2,15.4,15.2,-0.4,0.8,0.4,.008,-2.6,-1.7,-4.3,-1.3
Avery Johnson,SAS,32,75,2674,14.1,.514,.019,.250,1.4,4.9,3.2,36.2,1.7,0.5,18.1,16.0,3.5,3.2,6.7,.120,-0.7,-1.3,-2.0,0.0
Eddie Johnson,HOU,38,75,1490,13.1,.524,.364,.250,4.0,8.1,6.1,10.0,1.1,0.1,9.3,20.3,2.0,0.1,2.2,.070,0.2,-3.3,-3.1,-0.4
Ervin Johnson,MIL,30,81,2261,15.6,.564,.000,.505,12.9,24.1,18.5,4.2,1.9,5.2,16.9,14.0,2.7,3.8,6.4,.136,-1.1,3.1,1.9,2.2
Kevin Johnson,PHO,31,50,1290,15.6,.555,.075,.536,3.2,11.4,7.4,28.5,1.1,0.4,19.1,18.6,2.3,1.3,3.5,.131,-0.2,-0.7,-0.9,0.3
Larry Johnson,NYK,28,70,2412,15.8,.539,.071,.320,8.7,11.3,10.0,11.4,0.9,0.4,11.2,22.1,4.0,2.9,6.9,.137,1.1,0.2,1.4,2.0
Charles Jones,HOU,40,24,127,7.8,.689,.000,.200,11.3,11.1,11.2,5.7,0.4,3.3,26.9,5.3,0.2,0.0,0.2,.078,-1.6,0.6,-1.1,0.0
Dontae' Jones,BOS,22,15,91,3.8,.386,.404,.000,3.6,8.5,5.8,9.9,1.1,2.6,16.2,32.3,-0.4,0.0,-0.3,-0.175,-7.0,-4.7,-11.8,-0.2
Eddie Jones,LAL,26,80,2910,18.0,.592,.366,.304,3.4,8.2,5.9,13.5,2.8,1.3,11.4,19.5,6.8,3.2,10.1,.166,3.8,0.5,4.3,4.6
Popeye Jones,TOR,27,14,352,13.4,.443,.024,.150,15.3,17.2,16.2,8.6,1.5,0.6,10.6,18.9,0.2,0.1,0.3,.038,-1.5,-2.6,-4.1,-0.2
Michael Jordan*,CHI,34,82,3181,25.2,.533,.067,.381,4.7,12.5,8.5,18.0,2.4,1.0,7.7,33.7,10.4,5.4,15.8,.238,4.6,0.0,4.6,5.3
Reggie Jordan,MIN,30,57,487,15.3,.515,.009,.637,13.4,9.2,11.3,15.1,3.7,1.3,17.2,15.9,0.6,0.5,1.2,.114,0.5,1.5,2.0,0.5
Adam Keefe,UTA,27,80,2047,14.5,.605,.000,.472,11.6,14.8,13.3,6.7,1.4,0.9,12.2,13.2,4.8,1.7,6.5,.153,1.9,0.4,2.3,2.2
Shawn Kemp,CLE,28,80,2769,17.5,.512,.007,.478,9.9,23.0,16.5,13.6,2.1,2.5,16.1,28.0,0.9,5.9,6.8,.118,-1.2,2.8,1.6,2.5
Tim Kempton,TOT,34,8,47,-1.4,.222,.000,.000,9.2,5.0,7.2,9.3,1.1,2.9,30.8,12.2,-0.2,0.0,-0.1,-0.147,-8.8,-0.4,-9.2,-0.1
Steve Kerr,CHI,32,50,1119,12.9,.581,.430,.162,1.4,6.5,3.9,13.2,1.3,0.3,7.7,14.0,2.5,1.2,3.8,.161,1.2,-1.1,0.1,0.6
Jerome Kersey,SEA,35,37,717,12.6,.447,.043,.279,9.5,12.9,11.3,9.6,3.9,1.5,12.1,19.2,0.0,1.2,1.2,.079,-2.1,1.8,-0.3,0.3
Jason Kidd*,PHO,24,82,3118,16.4,.502,.271,.243,4.1,14.7,9.5,35.6,2.7,0.6,21.5,17.6,3.2,4.8,8.0,.123,1.1,2.0,3.1,4.0
Kerry Kittles,NJN,23,77,2814,17.5,.525,.228,.217,5.1,10.1,7.4,10.6,2.5,1.0,7.7,21.2,6.2,2.2,8.4,.144,2.9,0.0,2.9,3.5
Joe Kleine,CHI,36,46,397,5.5,.408,.000,.170,7.8,14.5,11.1,11.2,0.5,0.9,19.7,16.0,-0.4,0.5,0.1,.016,-5.6,-0.2,-5.8,-0.4
Brevin Knight,CLE,22,80,2483,17.1,.515,.012,.424,3.4,9.1,6.3,43.7,4.2,0.6,21.6,16.7,3.5,4.9,8.4,.163,0.7,1.6,2.3,2.7
Travis Knight,BOS,23,74,1503,13.6,.499,.126,.235,10.5,18.8,14.3,10.9,1.8,4.3,15.3,16.4,1.1,1.9,3.0,.096,-1.6,2.0,0.4,0.9
Toni Kukoc,CHI,29,74,2235,17.3,.525,.207,.260,6.2,10.6,8.4,23.4,1.8,1.2,14.1,21.9,3.7,3.3,7.0,.150,2.2,0.7,2.9,2.8
Christian Laettner,ATL,28,74,2282,18.5,.576,.037,.485,7.6,17.2,12.6,14.6,1.7,2.2,17.1,21.7,4.6,3.0,7.5,.159,1.3,1.3,2.6,2.6
Andrew Lang,MIL,31,57,692,8.5,.452,.007,.399,9.8,17.3,13.5,3.5,1.4,2.9,16.4,13.3,-0.1,0.8,0.7,.047,-4.5,0.4,-4.0,-0.4
Antonio Lang,MIA,25,6,29,14.9,.704,.000,1.600,8.4,11.8,10.1,5.6,3.8,0.0,31.9,20.1,0.0,0.0,0.1,.122,-2.4,0.7,-1.7,0.0
Rusty LaRue,CHI,24,14,140,7.3,.466,.327,.163,0.8,5.7,3.3,5.7,1.2,0.5,10.3,18.7,0.0,0.1,0.1,.040,-3.7,-2.4,-6.1,-0.1
Priest Lauderdale,DEN,24,39,345,10.0,.458,.000,.543,9.0,25.7,17.1,11.6,1.1,3.7,22.6,26.8,-0.9,0.2,-0.6,-0.087,-7.4,-1.3,-8.7,-0.6
Jason Lawson,ORL,23,17,80,21.5,.670,.000,.667,11.5,28.6,19.9,10.7,2.8,3.6,9.3,12.3,0.3,0.2,0.5,.280,1.3,3.5,4.8,0.1
Tim Legler,WAS,31,8,76,-4.5,.217,.316,.211,2.9,3.1,3.0,5.3,0.7,0.0,16.2,14.5,-0.3,0.0,-0.3,-0.165,-9.2,-2.6,-11.8,-0.2
Voshon Lenard,MIA,24,81,2621,13.3,.547,.443,.210,3.3,9.5,6.5,11.8,1.2,0.4,9.6,18.4,4.5,2.5,7.1,.129,1.8,-0.6,1.2,2.1
Alton Lister,POR,39,7,44,2.4,.375,.000,.000,5.5,23.0,14.5,3.4,1.2,1.7,20.0,10.3,-0.1,0.1,0.0,.021,-7.7,0.9,-6.8,-0.1
Randy Livingston,ATL,22,12,82,5.2,.352,.000,.417,1.5,6.9,4.3,8.8,4.7,1.7,29.7,11.4,-0.2,0.1,0.0,-0.028,-6.4,3.1,-3.3,0.0
Horacio Llamas Grey,PHO,24,8,42,8.6,.472,.143,.476,11.4,38.0,25.0,4.0,1.3,5.2,26.2,37.1,-0.2,0.1,-0.1,-0.083,-11.9,-1.8,-13.7,-0.1
Brad Lohaus,SAS,33,9,102,5.2,.426,.667,.143,3.6,9.6,6.8,7.4,0.5,1.4,11.8,11.6,0.0,0.1,0.1,.043,-3.1,0.0,-3.2,0.0
Grant Long,DET,31,40,739,10.0,.496,.034,.487,9.1,15.1,12.1,5.2,2.1,1.2,13.4,10.3,0.6,1.0,1.6,.104,-1.9,1.6,-0.3,0.3
Luc Longley,CHI,29,58,1703,13.5,.492,.000,.243,7.6,15.4,11.5,15.5,1.1,2.6,16.2,21.2,0.6,2.8,3.4,.096,-1.7,1.8,0.1,0.9
George Lynch,VAN,27,82,1493,16.8,.526,.058,.306,11.4,16.5,13.9,13.8,2.3,1.9,15.1,20.5,1.7,0.8,2.5,.079,0.4,-0.1,0.3,0.9
Sam Mack,VAN,27,57,1414,12.4,.519,.481,.138,2.4,8.4,5.4,11.9,1.5,0.5,10.4,20.8,1.3,-0.2,1.1,.037,1.1,-3.4,-2.4,-0.1
Don MacLean,NJN,28,9,42,-6.5,.150,.200,.000,7.8,5.9,6.9,0.0,0.0,0.0,16.7,12.4,-0.1,0.0,-0.2,-0.173,-10.0,-4.4,-14.3,-0.1
Gerald Madkins,GSW,28,19,243,9.8,.499,.441,.206,0.9,5.9,3.3,27.9,2.8,0.3,26.0,9.0,0.1,0.2,0.3,.057,-3.8,-1.6,-5.3,-0.2
Rick Mahorn,DET,39,59,707,7.8,.490,.000,.264,10.9,22.0,16.4,3.3,1.1,0.7,20.4,11.9,0.0,0.9,0.9,.064,-4.3,-0.3,-4.6,-0.5
Dan Majerle,MIA,32,72,1928,12.2,.562,.672,.116,3.0,13.0,8.2,13.0,1.9,0.6,12.3,12.7,2.8,2.5,5.3,.131,1.3,1.1,2.5,2.2
Karl Malone*,UTA,34,81,3030,27.9,.597,.004,.560,8.3,24.8,17.1,20.9,1.7,1.7,11.9,31.8,12.1,4.3,16.4,.259,5.7,1.4,7.0,6.9
Matt Maloney,HOU,26,78,2217,10.5,.539,.590,.133,0.9,6.6,3.8,15.6,1.5,0.2,14.7,14.9,1.9,0.3,2.2,.047,0.2,-2.1,-1.9,0.1
Danny Manning,PHO,31,70,1794,19.8,.554,.009,.299,7.3,17.9,12.8,13.6,2.1,1.9,10.5,24.1,3.5,3.0,6.5,.174,1.0,1.3,2.3,1.9
Stephon Marbury,MIN,20,82,3112,16.3,.505,.246,.364,2.1,6.2,4.2,36.1,1.7,0.2,15.1,24.1,4.2,1.1,5.3,.082,2.2,-2.9,-0.6,1.1
Donyell Marshall,GSW,24,73,2611,15.5,.474,.184,.198,8.3,17.6,12.8,11.2,1.9,1.9,11.0,22.3,1.0,3.2,4.2,.078,-0.1,1.2,1.1,2.1
Darrick Martin,LAC,26,82,2299,12.3,.509,.401,.297,0.9,7.2,4.1,23.2,1.9,0.3,15.7,18.9,2.0,-0.1,1.9,.041,0.1,-2.9,-2.8,-0.5
Jamal Mashburn,MIA,25,48,1729,14.1,.533,.211,.400,5.0,10.8,8.0,13.3,1.4,0.6,13.7,21.2,2.2,1.8,4.1,.113,0.5,0.1,0.6,1.1
Anthony Mason,CHH,31,81,3148,16.4,.552,.005,.526,6.9,24.7,15.8,17.3,1.2,0.4,13.4,16.0,5.7,3.5,9.3,.141,1.0,1.7,2.8,3.8
Tony Massenburg,VAN,30,61,894,14.9,.536,.000,.443,10.3,19.5,14.9,4.0,1.5,1.9,14.0,21.4,0.8,0.4,1.3,.067,-2.5,-2.7,-5.3,-0.7
Vernon Maxwell,TOT,32,42,636,12.2,.512,.434,.233,2.6,8.1,5.4,14.2,1.4,0.5,12.3,23.5,0.4,0.4,0.8,.062,0.2,-3.2,-3.0,-0.2
Lee Mayberry,VAN,27,79,1835,9.2,.489,.516,.146,1.2,5.9,3.6,27.7,1.8,0.4,23.3,11.7,0.7,-0.3,0.4,.012,-1.6,-3.4,-4.9,-1.4
Bob McCann,TOR,33,1,5,-7.3,.000,.000,.000,0.0,23.3,11.2,0.0,0.0,0.0,0.0,8.8,0.0,0.0,0.0,-0.186,-14.9,-5.7,-20.6,0.0
Walter McCarty,BOS,23,82,2340,11.6,.483,.240,.266,6.5,12.3,9.2,11.9,2.4,1.5,14.7,17.7,0.8,2.2,2.9,.060,-1.1,0.5,-0.6,0.8
George McCloud,PHO,30,63,1213,12.7,.507,.487,.119,4.4,16.2,10.5,10.8,2.3,0.8,12.3,19.2,0.6,1.9,2.4,.096,-0.2,0.3,0.2,0.7
Xavier McDaniel,NJN,34,20,180,4.3,.373,.000,.267,7.2,13.1,10.0,7.0,0.9,0.8,19.3,10.0,-0.1,0.1,0.0,-0.007,-4.9,-0.1,-5.0,-0.1
Michael McDonald,CHH,28,1,4,-22.1,0,0,0,30.5,0.0,15.1,0.0,0.0,0.0,100.0,23.1,-0.1,0.0,-0.1,-0.638,-20.8,-2.6,-23.4,0.0
Antonio McDyess,PHO,23,81,2441,20.3,.571,.002,.355,10.1,19.0,14.7,7.5,2.2,4.0,11.7,22.5,4.8,4.6,9.4,.185,0.8,2.4,3.2,3.2
Tracy McGrady*,TOR,18,64,1179,17.4,.505,.103,.279,9.6,16.2,12.8,14.0,2.2,3.6,12.9,19.1,1.3,0.7,2.0,.081,-0.5,0.0,-0.5,0.5
Jim McIlvaine,SEA,25,78,1211,9.5,.477,.013,.363,9.7,15.8,12.8,2.3,1.1,8.6,17.3,12.0,0.0,1.9,1.9,.075,-4.5,3.7,-0.9,0.3
Derrick McKey,IND,31,57,1316,10.7,.497,.052,.235,7.1,11.9,9.6,10.7,2.4,1.6,18.0,15.9,0.1,2.1,2.1,.077,-1.5,2.9,1.4,1.1
Aaron McKie,TOT,25,81,1813,8.6,.410,.165,.144,3.7,11.2,7.4,15.0,3.0,0.5,15.8,12.0,-0.7,2.0,1.4,.036,-2.8,1.5,-1.3,0.3
Nate McMillan,SEA,33,18,279,12.7,.460,.507,.015,5.7,11.4,8.6,28.6,2.7,1.1,15.1,13.2,0.4,0.3,0.8,.131,0.5,0.2,0.7,0.2
Ron Mercer,BOS,21,80,2662,14.1,.491,.024,.196,4.4,8.3,6.2,11.6,2.4,0.5,9.6,22.3,2.2,1.9,4.0,.073,-0.9,-1.1,-2.0,0.0
Marko Milic,PHO,20,33,163,18.4,.644,.094,.266,7.3,10.5,9.0,13.5,3.2,0.0,22.7,25.7,0.1,0.2,0.3,.102,0.2,-0.6,-0.4,0.1
Anthony Miller,ATL,26,37,228,16.4,.571,.000,.750,16.1,19.9,18.1,2.2,3.6,0.9,16.8,16.9,0.3,0.4,0.8,.159,-0.8,-0.6,-1.4,0.0
Oliver Miller,TOR,27,64,1628,12.8,.485,.011,.274,9.7,18.2,13.8,18.8,1.8,3.0,24.1,14.7,-0.1,0.9,0.9,.026,-2.3,1.1,-1.2,0.3
Reggie Miller*,IND,32,81,2795,19.8,.619,.353,.407,2.1,7.6,5.0,11.1,1.5,0.3,9.1,23.9,9.2,2.8,12.0,.206,5.3,-1.1,4.3,4.4
Chris Mills,NYK,28,80,2183,12.7,.512,.203,.280,6.6,15.9,11.2,10.4,1.1,1.1,12.4,18.6,1.9,3.3,5.1,.113,-0.9,1.2,0.3,1.3
Terry Mills,MIA,30,50,782,7.7,.481,.393,.160,5.3,17.1,11.4,8.1,1.3,0.8,16.9,15.8,-0.2,1.1,0.9,.057,-3.0,0.2,-2.7,-0.1
Greg Minor,BOS,26,69,1126,11.8,.481,.097,.268,5.3,10.9,7.8,12.2,2.4,0.8,10.7,15.4,0.8,0.9,1.7,.074,-2.0,-0.4,-2.4,-0.1
Sam Mitchell,MIN,34,81,2239,15.8,.539,.054,.365,6.0,13.4,9.8,7.6,1.5,0.7,6.6,19.7,4.7,1.4,6.1,.131,0.4,-1.3,-0.9,0.6
Eric Montross,TOT,26,48,691,8.0,.427,.000,.278,11.6,22.2,16.9,2.5,1.0,2.9,15.2,12.6,-0.2,0.9,0.7,.049,-5.0,0.0,-5.0,-0.5
Chris Morris,UTA,32,54,538,14.7,.498,.300,.295,8.7,17.1,13.2,7.5,2.5,2.4,12.4,23.0,0.3,0.7,1.0,.092,-0.8,-0.5,-1.3,0.1
Lawrence Moten,WAS,25,8,27,-0.2,.305,.077,.308,4.1,0.0,2.1,16.7,0.0,0.0,6.3,25.9,-0.1,0.0,-0.1,-0.134,-7.9,-6.7,-14.6,-0.1
Alonzo Mourning*,MIA,27,58,1939,22.4,.595,.000,.635,12.1,21.4,16.9,5.2,1.1,4.9,16.0,26.8,3.9,3.6,7.5,.185,0.1,1.1,1.2,1.6
Chris Mullin*,IND,34,82,2177,16.9,.607,.351,.237,2.2,11.1,6.9,14.6,2.4,1.3,13.3,19.3,4.4,3.2,7.6,.168,2.9,1.5,4.4,3.5
Eric Murdock,MIA,29,82,1395,15.7,.520,.217,.372,3.4,9.5,6.6,26.4,4.0,0.7,17.6,19.8,1.7,2.4,4.1,.139,0.3,1.4,1.7,1.3
Lamond Murray,LAC,24,79,2579,17.8,.548,.155,.299,7.5,13.9,10.7,9.9,2.4,1.4,13.3,22.1,3.7,1.2,4.9,.092,1.3,-0.4,0.9,1.9
Tracy Murray,WAS,26,82,2227,17.3,.563,.400,.208,3.7,10.7,7.1,6.5,1.6,0.8,8.5,24.0,4.6,1.9,6.5,.139,2.6,-2.4,0.2,1.2
Dikembe Mutombo*,ATL,31,82,2917,19.8,.584,.000,.608,11.5,25.6,18.8,4.8,0.6,6.6,15.1,17.6,5.6,5.2,10.8,.177,-0.2,2.7,2.5,3.3
Martin Muursepp,DAL,23,41,603,14.9,.528,.199,.351,8.3,12.8,10.5,8.5,2.6,1.6,11.6,18.9,0.8,0.6,1.4,.111,-0.5,-0.4,-0.9,0.2
Pete Myers,NYK,34,9,40,16.3,.554,.000,.600,14.9,15.1,15.0,12.6,5.4,0.0,24.0,19.5,0.0,0.1,0.1,.149,-0.5,3.9,3.4,0.1
Steve Nash*,PHO,23,76,1664,15.6,.556,.334,.147,2.3,8.8,5.6,25.2,2.0,0.2,13.6,19.6,2.9,1.8,4.8,.137,1.8,-1.2,0.5,1.1
Ivano Newbill,VAN,27,28,249,7.6,.413,.018,.526,11.1,20.7,15.9,5.3,2.1,0.8,19.5,15.6,-0.3,0.1,-0.1,-0.022,-5.3,-1.3,-6.5,-0.3
Johnny Newman,DEN,34,74,2176,14.9,.547,.131,.557,2.6,5.1,3.8,12.2,1.9,0.8,12.9,23.9,3.2,-0.4,2.7,.060,0.1,-3.6,-3.5,-0.8
Jeff Nordgaard,MIL,24,13,48,11.6,.410,.000,.500,10.1,25.7,17.8,10.0,2.2,0.0,12.0,23.7,0.0,0.1,0.0,.043,-5.3,-1.5,-6.8,-0.1
Charles O'Bannon,DET,22,30,234,10.5,.423,.043,.217,7.1,9.7,8.4,12.0,2.1,0.3,10.6,16.8,0.0,0.2,0.2,.048,-3.0,-0.6,-3.6,-0.1
Jermaine O'Neal,POR,19,60,808,12.7,.498,.009,.385,11.9,16.8,14.5,3.6,1.0,5.2,16.9,18.2,-0.1,1.3,1.2,.073,-4.2,1.1,-3.0,-0.2
Shaquille O'Neal*,LAL,25,60,2175,28.8,.587,.000,.594,11.1,24.0,17.7,13.5,0.9,4.6,10.8,32.9,6.7,3.4,10.2,.224,3.8,0.8,4.6,3.6
Charles Oakley,NYK,34,79,2734,13.1,.475,.009,.163,9.5,22.3,15.9,12.1,2.4,0.6,14.4,15.0,1.4,5.6,7.0,.122,-1.2,4.1,2.9,3.4
Hakeem Olajuwon*,HOU,35,47,1633,20.8,.531,.005,.335,8.5,24.6,16.7,15.8,2.7,4.1,14.8,23.7,2.0,2.5,4.5,.131,0.1,3.6,3.6,2.3
Brian Oliver,ATL,29,5,61,6.3,.361,.000,.211,6.0,11.2,8.7,5.4,0.9,0.0,4.6,16.5,-0.1,0.0,0.0,-0.012,-5.2,-2.7,-7.9,-0.1
Jimmy Oliver,WAS,28,1,10,19.7,.625,.500,.000,0.0,23.5,11.4,17.3,0.0,0.0,0.0,17.8,0.0,0.0,0.0,.228,3.3,-3.3,0.1,0.0
Kevin Ollie,TOT,25,35,430,8.9,.477,.010,.714,2.3,8.2,5.2,24.3,1.6,0.0,25.5,18.4,-0.4,0.2,-0.1,-0.014,-5.2,-2.2,-7.4,-0.6
Greg Ostertag,UTA,24,63,1288,12.5,.494,.000,.586,13.8,21.8,18.1,2.9,1.2,7.7,19.8,13.5,0.1,2.1,2.2,.084,-2.9,3.4,0.5,0.8
Bo Outlaw,ORL,26,82,2953,15.5,.575,.007,.576,9.9,15.6,12.7,12.3,2.0,4.4,20.5,13.3,3.1,4.5,7.6,.124,0.4,4.7,5.1,5.3
Doug Overton,PHI,28,23,277,5.2,.443,.048,.254,0.8,5.0,2.9,21.2,1.5,0.3,24.7,15.1,-0.3,0.1,-0.2,-0.035,-5.8,-3.0,-8.8,-0.5
Billy Owens,SAC,28,78,2348,14.4,.502,.096,.271,7.9,20.0,13.8,15.4,2.1,1.1,15.8,18.3,0.9,2.8,3.7,.075,-0.8,1.6,0.7,1.6
Robert Pack,DAL,28,12,292,9.0,.413,.061,.367,3.0,10.1,6.5,23.5,3.7,0.2,25.0,23.8,-0.9,0.3,-0.6,-0.093,-6.0,-0.1,-6.1,-0.3
Anthony Parker,PHI,22,37,196,14.0,.501,.444,.317,4.7,10.6,7.6,16.4,3.0,1.1,13.3,19.0,0.2,0.2,0.4,.088,0.0,-0.9,-0.8,0.1
Cherokee Parks,MIN,25,79,1703,13.6,.533,.002,.376,9.4,19.6,14.6,4.7,1.1,3.6,11.2,15.4,2.0,1.8,3.8,.108,-1.9,0.6,-1.3,0.3
Gary Payton*,SEA,29,82,3145,21.6,.544,.311,.293,3.0,11.2,7.1,36.7,3.1,0.4,13.7,24.6,8.5,4.0,12.5,.190,4.9,0.1,5.0,5.6
Anthony Peeler,TOT,28,38,1193,15.0,.532,.298,.112,3.6,8.1,5.9,18.3,2.7,0.4,10.4,18.3,1.8,0.7,2.5,.100,2.0,-0.8,1.2,1.0
Will Perdue,SAS,32,79,1491,14.8,.557,.003,.451,14.6,26.1,20.7,6.1,0.8,2.4,18.6,13.7,1.5,3.2,4.7,.151,-1.7,2.1,0.4,0.9
Sam Perkins,SEA,36,81,1675,13.6,.550,.471,.272,3.9,14.2,9.1,10.3,2.0,1.3,10.5,16.3,2.6,2.0,4.5,.129,0.6,0.0,0.6,1.1
Elliot Perry,MIL,28,81,1752,11.5,.485,.089,.194,1.5,6.1,3.8,22.1,2.7,0.1,17.4,19.2,0.0,1.3,1.3,.035,-2.3,-1.5,-3.8,-0.8
Chuck Person,SAS,33,61,1455,8.3,.494,.693,.093,1.4,13.9,8.1,9.3,1.1,0.5,13.9,15.5,-0.1,2.1,2.1,.068,-1.2,0.4,-0.9,0.4
Wesley Person,CLE,26,82,3198,15.1,.583,.467,.178,2.5,11.3,7.0,10.3,2.2,1.2,9.6,16.5,5.3,5.0,10.3,.155,2.6,1.9,4.5,5.2
Bobby Phills,CHH,28,62,1887,12.5,.523,.207,.254,3.8,10.0,6.9,16.0,2.3,0.7,15.0,17.7,1.5,1.7,3.2,.081,0.2,0.3,0.4,1.2
Eric Piatkowski,LAC,27,67,1740,15.5,.591,.456,.299,4.5,11.0,7.7,8.2,1.5,0.5,11.1,18.4,3.8,0.1,3.9,.108,2.3,-2.4,-0.1,0.8
Ricky Pierce,MIL,38,39,442,9.8,.455,.091,.364,5.2,7.2,6.2,12.5,1.1,0.0,11.2,19.3,0.1,0.2,0.3,.033,-2.9,-2.8,-5.7,-0.4
Scottie Pippen*,CHI,32,44,1652,20.4,.533,.273,.274,3.7,12.1,7.9,26.5,2.6,1.9,12.1,24.4,3.7,3.0,6.6,.193,4.0,1.8,5.8,3.2
Scot Pollard,DET,22,33,317,13.3,.555,.000,.329,12.7,15.1,13.9,4.7,1.4,2.4,13.0,13.5,0.5,0.4,0.9,.141,-1.1,0.3,-0.8,0.1
Olden Polynice,SAC,33,70,1458,14.7,.464,.002,.212,12.9,20.8,16.8,12.7,1.3,2.1,14.2,21.1,-0.1,1.6,1.5,.049,-2.1,0.5,-1.6,0.2
Mark Pope,IND,25,28,193,3.4,.402,.073,.415,5.9,10.1,8.1,5.5,0.8,2.2,17.1,14.4,-0.2,0.2,0.0,-0.003,-5.5,0.7,-4.8,-0.1
Terry Porter,MIN,34,82,1786,17.3,.586,.404,.338,2.4,8.2,5.3,23.5,1.8,0.6,13.6,19.1,4.3,0.9,5.2,.139,2.9,-2.2,0.7,1.2
Vitaly Potapenko,CLE,22,80,1412,11.0,.517,.002,.295,9.7,17.4,13.6,7.4,1.0,1.5,19.3,22.4,-0.7,2.2,1.5,.052,-3.9,0.0,-3.9,-0.7
Brent Price,HOU,29,72,1332,10.9,.575,.603,.316,3.3,6.1,4.8,22.3,2.1,0.2,23.9,15.8,1.2,0.4,1.6,.059,0.3,-2.2,-1.9,0.0
Mark Price,ORL,33,63,1430,14.9,.518,.292,.194,1.9,8.8,5.3,38.6,2.0,0.3,21.9,23.7,0.5,1.3,1.7,.058,0.5,-2.2,-1.6,0.1
Theo Ratliff,TOT,24,82,2447,16.2,.561,.000,.471,10.4,15.6,12.9,3.9,1.1,7.9,13.9,15.5,3.4,3.4,6.7,.132,-1.2,3.4,2.2,2.6
Eldridge Recasner,ATL,30,59,1454,13.0,.563,.327,.175,2.7,8.6,5.7,13.8,1.5,0.0,15.8,18.4,1.9,1.0,2.9,.095,0.7,-1.7,-1.0,0.4
Bryant Reeves,VAN,24,74,2527,17.3,.559,.004,.336,9.0,17.7,13.3,10.9,0.8,2.2,12.6,21.8,4.3,0.6,4.9,.093,0.9,-1.0,0.0,1.3
Khalid Reeves,DAL,25,82,1950,13.1,.522,.256,.359,3.0,7.6,5.3,19.8,2.2,0.4,15.9,19.2,1.5,1.0,2.5,.062,-0.5,-1.6,-2.1,-0.1
Don Reid,DET,24,68,994,11.4,.574,.000,.403,9.2,11.8,10.5,4.2,1.4,4.2,11.9,11.0,1.5,1.3,2.8,.135,-1.2,2.0,0.8,0.7
J.R. Reid,CHH,29,79,1109,11.3,.517,.025,.384,7.9,14.9,11.4,7.4,1.7,1.3,14.9,18.2,0.6,1.1,1.8,.076,-2.4,-0.4,-2.8,-0.2
Shawn Respert,TOT,25,57,911,12.3,.530,.317,.208,4.4,8.0,6.1,11.3,1.9,0.1,13.0,17.9,0.8,0.0,0.8,.045,-0.7,-3.3,-4.0,-0.5
Rodrick Rhodes,HOU,24,58,1070,7.7,.439,.026,.590,3.1,4.6,3.9,16.1,3.1,0.7,20.2,20.4,-1.5,0.6,-0.9,-0.040,-5.0,-0.9,-5.9,-1.0
Glen Rice,CHH,30,82,3295,17.4,.568,.216,.364,3.3,9.6,6.5,9.9,1.3,0.5,10.2,25.1,7.4,2.0,9.3,.136,2.6,-1.9,0.7,2.3
Pooh Richardson,LAC,31,69,1252,10.3,.411,.171,.129,1.5,7.2,4.4,28.1,1.8,0.2,13.3,14.4,0.3,-0.1,0.2,.006,-2.8,-3.1,-5.9,-1.2
Mitch Richmond*,SAC,32,70,2569,20.4,.569,.274,.386,2.1,7.9,5.0,20.2,1.8,0.4,11.3,27.8,6.6,1.3,7.9,.148,4.7,-2.3,2.3,2.8
Isaiah Rider,POR,26,74,2786,15.2,.514,.323,.205,4.3,10.0,7.2,15.7,1.1,0.5,11.6,26.1,3.2,2.5,5.8,.099,1.7,-1.4,0.3,1.6
Eric Riley,DAL,27,39,544,11.2,.461,.007,.267,8.6,18.8,13.6,6.5,1.5,5.9,19.7,15.8,-0.4,0.7,0.3,.029,-5.6,2.3,-3.3,-0.2
Stanley Roberts,MIN,27,74,1328,11.9,.503,.000,.404,9.4,21.5,15.5,3.1,0.9,3.8,13.3,17.5,0.3,1.5,1.8,.064,-3.9,-0.4,-4.3,-0.8
Chris Robinson,TOT,23,35,414,9.1,.447,.379,.092,2.4,10.2,6.2,15.8,2.4,0.7,15.4,23.0,-0.5,0.2,-0.3,-0.034,-2.9,-2.2,-5.1,-0.3
Clifford Robinson,PHO,31,80,2359,17.4,.538,.094,.402,7.7,12.5,10.1,11.9,2.0,2.8,11.7,22.9,3.6,3.5,7.1,.144,0.7,1.4,2.2,2.5
David Robinson*,SAS,32,73,2457,27.8,.581,.004,.620,12.0,23.7,18.2,15.9,1.4,5.5,13.0,29.7,7.8,6.0,13.8,.269,3.7,4.1,7.8,6.1
Glenn Robinson,MIL,25,56,2294,16.8,.522,.057,.234,4.3,12.1,8.2,13.8,1.6,1.1,13.8,28.9,1.3,1.8,3.1,.065,0.0,-0.9,-1.0,0.6
James Robinson,LAC,27,70,1231,12.4,.494,.449,.214,3.4,6.9,5.1,18.8,1.6,0.5,15.0,23.3,0.3,-0.1,0.2,.007,0.0,-3.8,-3.8,-0.5
Larry Robinson,VAN,30,6,41,15.8,.428,.316,.105,5.6,28.0,16.8,4.0,5.1,0.0,9.1,23.7,0.0,0.1,0.0,.033,-4.0,-1.9,-6.0,0.0
Dennis Rodman*,CHI,36,80,2856,12.4,.459,.064,.308,16.8,31.4,24.1,11.2,0.9,0.5,26.4,8.7,1.9,5.9,7.8,.131,-1.0,3.7,2.7,3.4
Carlos Rogers,TOT,26,21,376,12.7,.533,.022,.352,10.1,9.9,10.0,7.7,1.4,1.5,11.8,13.9,0.5,0.0,0.5,.064,-1.1,-2.0,-3.1,-0.1
Rodney Rogers,LAC,26,76,2499,15.8,.532,.227,.351,7.0,12.4,9.7,14.2,1.9,1.0,15.2,22.6,2.6,0.7,3.3,.063,1.3,-1.0,0.3,1.5
Roy Rogers,TOT,24,15,106,5.4,.362,.000,.240,8.1,10.5,9.1,2.8,1.5,5.6,15.3,13.4,-0.2,0.1,-0.1,-0.047,-7.1,0.1,-7.1,-0.1
Sean Rooks,LAL,28,41,425,13.4,.512,.000,.782,12.6,18.7,15.7,8.2,0.2,3.7,12.3,16.0,0.7,0.5,1.1,.130,-1.8,0.0,-1.7,0.0
Jalen Rose,IND,25,82,1706,14.1,.545,.120,.376,2.1,11.2,6.9,16.0,1.8,0.6,15.7,23.4,1.1,2.2,3.3,.092,-0.7,0.1,-0.6,0.6
Malik Rose,SAS,23,53,429,10.1,.485,.022,.449,11.5,12.6,12.1,7.5,2.7,1.2,21.3,22.6,-0.4,0.8,0.4,.044,-4.2,0.9,-3.2,-0.1
Donald Royal,TOT,31,31,323,8.3,.473,.000,.478,6.8,8.5,7.6,7.9,1.2,0.2,10.7,13.4,0.3,0.2,0.4,.065,-2.7,-1.4,-4.0,-0.2
Clifford Rozier,MIN,25,6,30,-1.7,.466,.000,.167,11.5,11.2,11.4,0.0,0.0,0.0,38.3,15.5,-0.1,0.0,-0.1,-0.140,-9.3,-5.3,-14.6,-0.1
Bryon Russell,UTA,27,82,2219,12.9,.570,.408,.530,4.7,13.0,9.1,7.0,2.2,1.0,11.1,15.2,3.8,2.2,6.0,.130,1.7,0.4,2.1,2.3
Arvydas Sabonis*,POR,33,73,2333,20.9,.581,.139,.490,7.7,27.9,18.2,16.9,1.5,2.5,15.9,23.2,5.1,4.6,9.7,.200,1.8,2.7,4.5,3.8
Kevin Salvadori,SAC,27,16,87,2.1,.160,.000,.462,6.3,19.7,12.8,4.7,0.0,8.6,24.2,10.5,-0.3,0.1,-0.2,-0.099,-11.3,3.7,-7.6,-0.1
Danny Schayes,ORL,38,74,1272,10.9,.479,.000,.321,8.8,13.7,11.2,6.0,1.5,1.9,12.6,17.5,0.6,1.4,2.0,.076,-2.9,0.2,-2.7,-0.2
Detlef Schrempf,SEA,35,78,2742,18.7,.585,.164,.392,6.0,17.9,12.1,20.3,1.2,0.5,13.8,20.6,7.5,2.9,10.4,.182,2.7,0.3,2.9,3.4
Dennis Scott,TOT,29,81,2290,12.1,.502,.413,.157,2.3,9.9,6.1,11.3,1.2,1.2,10.5,19.7,1.1,1.3,2.4,.050,-0.3,-1.5,-1.8,0.1
Shawnelle Scott,CLE,25,41,188,10.6,.501,.000,.500,13.3,25.1,19.3,6.8,1.7,3.2,18.5,13.2,0.1,0.4,0.5,.132,-3.6,2.7,-1.0,0.0
Shea Seals,LAL,22,4,9,4.9,.205,.375,.500,38.7,12.3,25.1,0.0,5.7,0.0,0.0,47.8,-0.1,0.0,-0.1,-0.270,-10.6,-14.0,-24.6,-0.1
Malik Sealy,DET,27,77,1641,12.8,.505,.081,.360,3.5,12.5,7.9,10.4,2.2,0.9,11.9,18.8,1.2,2.0,3.2,.093,-1.8,0.2,-1.6,0.2
Rony Seikaly,TOT,32,56,1636,15.0,.514,.003,.573,10.2,18.2,14.1,8.5,0.9,1.9,16.8,24.3,0.9,1.9,2.7,.080,-1.8,-0.2,-2.0,0.0
God Shammgod,WAS,21,20,146,9.2,.428,.034,.517,1.5,4.0,2.7,38.1,2.5,0.5,22.8,28.1,-0.3,0.1,-0.1,-0.049,-5.6,-4.1,-9.6,-0.3
Brian Shaw,TOT,31,59,1530,9.1,.397,.213,.117,2.6,13.0,7.7,27.7,1.7,0.8,17.4,16.3,-1.2,1.3,0.1,.002,-3.3,-0.2,-3.4,-0.5
Dickey Simpkins,TOT,25,40,433,10.6,.551,.022,.787,6.7,13.0,9.8,12.0,1.1,0.8,21.1,15.5,0.1,0.5,0.6,.068,-3.0,-0.1,-3.1,-0.1
Reggie Slater,TOR,27,78,1662,12.4,.520,.000,.702,8.7,12.0,10.3,7.2,1.4,1.2,14.5,18.5,1.3,0.1,1.5,.042,-2.1,-2.6,-4.7,-1.1
Charles Smith,TOT,22,34,292,9.8,.458,.376,.088,5.2,5.5,5.3,12.6,2.2,1.4,17.2,24.0,-0.4,0.0,-0.3,-0.057,-2.8,-3.1,-5.9,-0.3
Joe Smith,TOT,22,79,2344,14.4,.482,.007,.274,9.1,12.9,11.0,7.7,1.4,1.5,11.6,25.4,0.6,2.0,2.6,.052,-1.7,-1.1,-2.7,-0.4
Michael Smith,TOT,25,48,1053,14.3,.524,.005,.531,12.9,20.2,16.5,12.5,2.0,1.0,17.6,12.3,1.3,0.8,2.1,.096,-0.3,1.1,0.8,0.8
Steve Smith,ATL,28,73,2857,18.8,.563,.251,.413,5.7,7.0,6.4,18.4,1.4,0.7,11.9,23.9,8.4,1.8,10.2,.171,4.5,-1.4,3.1,3.7
Tony Smith,MIL,29,7,80,6.4,.369,.167,.167,6.0,4.6,5.3,19.8,3.3,1.8,25.9,19.8,-0.2,0.1,-0.1,-0.088,-5.8,0.1,-5.7,-0.1
Rik Smits,IND,31,73,2085,19.9,.532,.003,.231,7.7,20.8,14.6,9.9,1.0,3.0,10.5,29.2,2.5,3.6,6.1,.141,-0.4,0.7,0.3,1.2
Eric Snow,TOT,24,64,918,11.7,.486,.092,.386,2.4,7.8,5.1,30.3,3.5,0.4,22.6,13.7,0.3,1.0,1.3,.067,-2.2,-0.7,-2.9,-0.2
Felton Spencer,GSW,30,68,813,8.5,.495,.000,.612,11.9,18.0,14.8,3.2,1.5,3.1,23.0,11.4,-0.2,1.0,0.9,.052,-5.0,1.5,-3.5,-0.3
Latrell Sprewell,GSW,27,14,547,15.1,.470,.173,.339,1.3,8.8,5.0,24.1,1.8,0.6,12.1,28.9,0.0,0.4,0.4,.033,0.2,-1.7,-1.5,0.1
Jerry Stackhouse,TOT,23,79,2545,16.2,.532,.200,.462,4.8,7.5,6.2,17.2,1.9,1.7,16.0,25.3,2.4,2.3,4.7,.089,0.9,-0.5,0.4,1.5
John Starks,NYK,32,82,2188,14.3,.504,.420,.248,2.6,10.0,6.3,18.1,1.9,0.2,12.0,25.6,1.5,3.1,4.6,.101,1.3,-0.6,0.7,1.5
Joe Stephens,HOU,25,7,37,17.7,.441,.357,.214,9.7,9.5,9.6,5.7,2.9,0.0,6.1,40.0,0.0,0.0,0.0,-0.010,-1.1,-7.5,-8.6,-0.1
Kebu Stewart,PHI,24,15,110,14.0,.541,.000,.962,9.3,23.2,16.2,3.0,2.4,1.3,17.8,18.4,0.1,0.2,0.2,.098,-4.2,-1.3,-5.5,-0.1
Michael Stewart,SAC,22,81,1761,12.9,.486,.000,.440,12.2,21.9,16.9,5.2,0.9,7.5,18.1,11.9,0.4,2.6,3.0,.081,-3.8,3.9,0.2,1.0
Bryant Stith,DEN,27,31,718,9.2,.447,.213,.382,2.4,8.4,5.3,12.1,1.6,0.8,11.8,18.9,-0.2,-0.1,-0.3,-0.018,-3.3,-3.0,-6.3,-0.8
John Stockton*,UTA,35,64,1858,21.8,.628,.178,.452,2.5,8.2,5.6,47.8,2.6,0.4,20.8,19.3,6.4,1.6,8.0,.206,4.8,-2.2,2.6,2.2
Ed Stokes,TOR,26,4,17,6.4,.387,.000,.667,6.3,20.6,13.2,8.6,3.0,8.1,34.0,15.2,-0.1,0.0,0.0,-0.077,-9.3,3.9,-5.4,0.0
Damon Stoudamire,TOT,24,71,2839,16.8,.503,.279,.263,3.4,8.6,5.9,35.1,2.1,0.2,15.5,22.4,3.9,0.8,4.7,.079,2.5,-2.5,-0.1,1.4
Erick Strickland,DAL,24,67,1505,9.3,.429,.292,.151,2.5,9.5,6.0,18.8,2.0,0.4,15.1,21.3,-1.7,0.8,-0.9,-0.028,-3.1,-1.8,-4.9,-1.1
Mark Strickland,MIA,27,51,847,17.4,.572,.004,.305,11.4,17.8,14.7,5.6,1.2,2.9,13.3,19.4,1.5,1.3,2.8,.157,-0.9,0.4,-0.5,0.3
Rod Strickland,WAS,31,76,3020,19.6,.501,.042,.435,4.1,11.4,7.6,43.1,2.2,0.6,16.5,23.7,5.1,3.0,8.1,.129,2.5,0.1,2.6,3.5
Derek Strong,ORL,29,58,1638,16.6,.497,.006,.452,10.7,20.2,15.3,5.8,1.0,1.1,9.1,22.8,2.5,2.0,4.4,.130,-1.2,-1.3,-2.5,-0.2
Bob Sura,CLE,24,46,942,9.6,.463,.260,.567,3.3,8.9,6.1,29.4,2.5,0.6,24.4,18.7,-0.7,1.4,0.7,.036,-2.7,0.3,-2.4,-0.1
Zan Tabak,TOT,27,57,984,9.7,.464,.003,.201,9.2,15.6,12.2,8.1,1.1,2.8,15.6,17.4,-0.4,0.4,0.0,-0.001,-4.0,-1.4,-5.4,-0.8
Johnny Taylor,ORL,23,12,108,4.4,.431,.054,.432,4.3,10.0,7.1,1.6,1.5,1.3,15.4,22.1,-0.2,0.1,-0.1,-0.032,-7.3,-2.6,-10.0,-0.2
Maurice Taylor,LAC,21,71,1513,16.1,.521,.001,.361,8.8,13.5,11.1,6.6,1.2,1.8,12.0,26.1,1.5,0.3,1.8,.057,-1.6,-3.0,-4.6,-1.0
Carl Thomas,TOT,28,43,426,10.9,.490,.421,.179,2.7,10.4,6.6,7.9,2.6,1.2,10.7,17.9,0.1,0.6,0.7,.074,-1.9,-0.2,-2.1,0.0
John Thomas,TOT,22,54,535,9.1,.552,.000,.478,9.7,13.5,11.5,4.9,2.1,1.7,25.2,14.8,0.0,0.4,0.4,.034,-4.1,-0.6,-4.7,-0.4
Kurt Thomas,DAL,25,5,73,6.4,.399,.000,.067,11.9,24.9,18.3,8.4,0.7,0.0,17.8,35.3,-0.3,0.1,-0.2,-0.161,-9.3,-5.0,-14.4,-0.2
Tim Thomas,PHI,20,77,1779,14.9,.538,.250,.338,6.9,11.8,9.3,9.3,1.6,0.7,13.1,22.8,2.1,1.3,3.4,.091,0.6,-1.9,-1.3,0.3
Brooks Thompson,TOT,27,30,167,11.2,.496,.536,.143,0.7,10.0,5.3,26.5,3.2,0.5,21.2,20.9,-0.1,0.3,0.2,.051,-2.2,-1.1,-3.2,-0.1
Otis Thorpe,TOT,35,74,2197,13.4,.515,.008,.385,7.8,20.1,13.9,16.3,1.1,0.9,17.2,17.8,1.4,1.1,2.5,.055,-1.1,0.1,-1.0,0.6
Gary Trent,TOT,23,54,1360,16.2,.527,.024,.420,10.5,17.9,14.3,9.6,1.4,1.4,13.6,22.8,1.6,1.6,3.1,.110,-0.9,-0.7,-1.6,0.1
Nick Van Exel,LAL,26,64,2053,17.8,.538,.425,.231,1.8,8.8,5.3,33.5,1.6,0.2,11.3,19.8,5.6,1.5,7.1,.166,3.8,-2.4,1.4,1.8
Keith Van Horn,NJN,22,62,2325,15.7,.516,.214,.291,6.6,14.1,10.1,7.9,1.5,0.8,12.2,25.2,3.2,1.6,4.8,.098,1.0,-1.4,-0.4,0.9
David Vaughn,TOT,24,40,489,11.4,.480,.007,.318,11.4,23.1,17.0,7.0,1.6,1.4,19.2,18.6,-0.2,0.6,0.4,.040,-4.3,-0.2,-4.4,-0.3
Jacque Vaughn,UTA,22,45,419,6.9,.457,.066,.557,1.3,9.5,5.6,30.8,1.2,0.2,26.9,23.0,-0.6,0.2,-0.4,-0.048,-5.3,-3.1,-8.4,-0.7
Loy Vaught,LAC,29,10,265,7.8,.428,.024,.095,6.8,21.2,14.0,4.4,0.8,0.5,12.9,16.8,-0.2,0.1,-0.2,-0.029,-5.4,-2.4,-7.7,-0.4
Stojko Vrankovic,LAC,34,65,996,9.4,.454,.000,.349,8.0,22.1,15.0,5.5,0.6,4.4,17.7,11.6,-0.2,0.6,0.4,.020,-5.0,0.9,-4.1,-0.5
Antoine Walker,BOS,21,82,3268,17.8,.481,.171,.277,9.0,22.3,15.1,15.4,2.2,1.4,13.2,29.2,0.8,4.0,4.7,.070,0.4,0.3,0.7,2.2
Samaki Walker,DAL,21,41,1027,14.4,.502,.003,.302,10.2,22.8,16.4,4.1,1.6,2.7,14.4,18.9,0.1,1.3,1.4,.067,-3.7,-0.2,-3.9,-0.5
Ben Wallace,WAS,23,67,1124,13.4,.495,.000,.598,11.0,22.2,16.4,2.3,2.8,4.6,11.9,9.3,0.8,2.2,2.9,.125,-3.1,3.5,0.4,0.7
John Wallace,TOR,23,82,2361,14.8,.518,.002,.299,5.3,12.6,8.9,8.5,1.4,2.9,13.4,23.8,1.1,0.5,1.5,.031,-2.2,-2.1,-4.3,-1.4
Rasheed Wallace,POR,23,77,2896,14.9,.564,.045,.318,5.5,13.4,9.6,11.9,1.4,2.2,14.3,18.2,3.8,3.8,7.6,.125,0.2,1.9,2.1,3.0
Rex Walters,TOT,27,38,235,11.8,.612,.415,.528,2.5,9.2,5.9,24.1,1.8,0.3,29.2,17.9,0.2,0.2,0.4,.073,-1.7,-2.2,-3.9,-0.1
Charlie Ward,NYK,27,82,2317,15.6,.567,.417,.219,1.7,12.6,7.1,32.4,3.4,1.2,23.6,15.0,2.6,4.5,7.1,.148,0.8,2.5,3.3,3.1
Eric Washington,DEN,23,66,1539,9.6,.478,.275,.167,3.5,6.3,4.9,9.3,1.8,1.2,11.9,17.9,-0.1,-0.2,-0.3,-0.008,-2.2,-2.5,-4.7,-1.1
Clarence Weatherspoon,TOT,27,79,2325,14.0,.504,.000,.456,9.3,19.3,14.2,6.4,1.9,2.3,14.0,16.2,1.5,3.0,4.5,.093,-2.2,1.5,-0.6,0.8
Spud Webb,ORL,34,4,34,3.2,.466,.083,.167,6.8,3.5,5.2,26.7,1.6,0.0,35.2,26.8,-0.1,0.0,-0.1,-0.161,-7.2,-2.9,-10.1,-0.1
Chris Webber,WAS,24,71,2809,20.9,.523,.153,.248,6.9,20.8,13.7,17.8,2.1,3.1,11.1,26.5,3.9,4.4,8.3,.142,2.6,2.4,4.9,4.9
Bubba Wells,DAL,23,39,395,11.1,.474,.052,.371,6.1,13.2,9.6,14.3,2.0,0.7,18.7,19.2,-0.2,0.3,0.1,.013,-4.1,-0.9,-5.0,-0.3
Bill Wennington,CHI,34,48,467,9.4,.461,.000,.122,7.8,11.8,9.8,6.7,0.5,0.8,8.1,18.9,0.3,0.6,0.8,.085,-3.4,-1.8,-5.2,-0.4
David Wesley,CHH,27,81,2845,15.2,.532,.197,.333,2.1,6.9,4.5,30.2,2.6,0.8,18.6,19.8,3.3,2.5,5.8,.098,1.0,-0.8,0.3,1.6
Doug West,MIN,30,38,688,5.6,.416,.012,.234,3.8,9.6,6.8,9.4,0.8,0.5,10.0,13.5,-0.2,0.2,0.1,.004,-4.1,-1.3,-5.4,-0.6
Mark West,IND,37,15,105,5.1,.486,.000,.286,7.2,9.8,8.6,3.0,1.0,2.7,25.3,14.3,-0.1,0.1,0.0,-0.002,-5.4,1.0,-4.4,-0.1
DeJuan Wheat,MIN,24,34,150,13.5,.504,.340,.300,2.3,6.0,4.2,25.3,2.1,0.5,13.7,19.4,0.2,0.1,0.2,.072,-0.5,-3.4,-3.9,-0.1
Donald Whiteside,ATL,28,3,16,0.7,.347,.500,1.000,0.0,7.1,3.7,9.4,0.0,0.0,25.8,11.2,0.0,0.0,0.0,-0.120,-6.9,-2.9,-9.8,0.0
Chris Whitney,WAS,26,82,1073,14.8,.512,.476,.363,1.6,10.8,6.1,27.7,1.7,0.4,13.6,19.7,1.8,0.9,2.7,.120,0.8,-2.3,-1.5,0.1
Gerald Wilkins,ORL,34,72,1252,5.4,.398,.251,.226,1.5,7.1,4.2,10.6,1.5,0.3,14.2,20.4,-2.1,0.9,-1.2,-0.048,-5.2,-2.0,-7.2,-1.6
Aaron Williams,SEA,26,65,757,13.4,.575,.005,.386,7.7,15.4,11.6,3.0,1.3,3.8,16.3,18.8,0.7,1.0,1.7,.105,-3.4,-0.5,-3.8,-0.4
Alvin Williams,TOT,23,54,1071,10.3,.504,.099,.319,2.6,6.0,4.4,15.7,1.9,0.2,15.3,16.0,0.5,0.8,1.3,.059,-2.4,-1.2,-3.6,-0.4
Brandon Williams,GSW,22,9,140,2.9,.357,.180,.080,3.0,8.6,5.7,3.6,2.2,1.5,14.8,18.9,-0.4,0.1,-0.3,-0.089,-7.8,-0.7,-8.4,-0.2
Buck Williams,NYK,37,41,738,12.3,.560,.000,.477,12.6,17.2,14.9,4.6,1.3,1.6,17.4,13.9,0.9,1.2,2.1,.135,-1.8,1.5,-0.3,0.3
Eric Williams,DEN,25,4,145,17.0,.489,.000,.738,7.9,9.2,8.5,16.1,1.5,0.0,10.0,28.2,0.2,0.0,0.1,.048,-0.3,-4.3,-4.6,-0.1
Herb Williams,NYK,39,27,178,6.1,.398,.000,.186,4.0,15.6,9.8,3.6,1.8,3.9,9.7,13.6,-0.2,0.3,0.2,.041,-6.6,2.6,-4.0,-0.1
Hot Rod Williams,PHO,35,71,1333,11.5,.525,.000,.460,9.6,17.5,13.7,5.1,1.3,3.3,10.7,9.2,1.7,2.1,3.7,.135,-1.9,2.7,0.8,0.9
Jayson Williams,NJN,29,65,2343,18.7,.541,.006,.454,20.5,23.2,21.8,4.5,1.0,1.5,10.9,16.1,6.1,2.3,8.4,.172,2.3,-0.2,2.1,2.4
Jerome Williams,DET,24,77,1305,16.3,.568,.003,.576,15.4,19.2,17.3,6.1,2.1,0.6,14.3,15.0,2.6,1.9,4.5,.166,0.5,0.4,0.9,1.0
Lorenzo Williams,WAS,28,14,111,14.1,.727,.000,.118,15.9,10.6,13.3,4.1,0.9,1.9,10.1,8.0,0.3,0.1,0.4,.169,1.4,-0.2,1.1,0.1
Micheal Williams,MIN,31,25,161,13.9,.512,.083,.688,1.4,8.4,4.9,28.7,2.9,0.9,20.4,21.7,0.1,0.1,0.3,.080,-2.5,-1.9,-4.4,-0.1
Monty Williams,SAS,26,72,1314,11.3,.505,.005,.495,6.3,9.2,7.9,11.2,1.4,1.3,15.5,18.9,0.5,1.9,2.3,.086,-2.5,0.7,-1.8,0.1
Scott Williams,PHI,29,58,801,12.1,.492,.023,.296,12.4,17.9,15.1,6.0,1.1,1.9,11.1,15.2,0.9,0.8,1.7,.101,-2.0,-0.6,-2.6,-0.1
Travis Williams,CHH,28,39,365,13.7,.488,.008,.387,17.7,12.8,15.2,9.2,2.6,1.0,17.7,21.4,0.1,0.4,0.5,.065,-0.9,-0.3,-1.3,0.1
Walt Williams,TOT,27,59,1470,13.4,.508,.403,.230,3.9,11.7,7.7,14.0,2.1,1.7,13.3,20.9,1.1,1.0,2.2,.071,0.1,-1.1,-1.1,0.3
Corliss Williamson,SAC,24,79,2819,16.0,.527,.008,.391,6.3,11.5,8.8,14.8,1.4,1.2,13.0,24.1,2.6,1.8,4.4,.076,0.3,-0.5,-0.2,1.3
Kevin Willis,HOU,35,81,2528,18.3,.555,.007,.293,11.0,20.7,15.9,5.8,1.1,1.1,12.6,24.1,4.3,1.7,6.0,.114,-0.5,-1.9,-2.4,-0.3
David Wingate,SEA,34,58,546,8.6,.491,.050,.207,4.2,12.9,8.6,10.4,2.1,0.4,19.5,16.1,-0.3,0.6,0.3,.026,-4.3,-0.3,-4.6,-0.4
Dontonio Wingfield,POR,23,3,9,-7.1,.129,.000,.667,26.8,24.9,25.8,0.0,0.0,0.0,20.5,24.6,-0.1,0.0,-0.1,-0.299,-16.9,-8.9,-25.8,-0.1
Joe Wolf,DEN,33,57,621,5.1,.347,.083,.083,6.6,17.6,12.0,7.9,1.7,0.8,14.9,10.8,-0.7,0.2,-0.5,-0.037,-5.9,-0.8,-6.7,-0.7
Lorenzen Wright,LAC,22,69,2067,13.6,.490,.004,.395,9.8,23.7,16.7,4.3,1.4,2.8,11.3,15.4,1.5,1.5,3.1,.071,-2.6,0.2,-2.4,-0.2
Sharone Wright,TOR,25,7,44,10.7,.508,.000,.286,2.5,21.2,11.5,15.5,0.0,0.0,11.3,17.7,0.0,0.0,0.0,.036,-4.0,-4.4,-8.4,-0.1
George Zidek,TOT,24,12,64,9.1,.402,.069,.552,7.2,24.4,15.7,5.1,0.0,2.3,10.0,28.7,-0.1,0.0,0.0,-0.036,-8.8,-5.6,-14.4,-0.2
